﻿<?xml version="1.0" encoding="utf-8"?>
<Return xmlns="http://www.irs.gov/efile" returnVersion="2018v3.1">
  <ReturnHeader binaryAttachmentCnt="0">
    <ReturnTs>2020-01-02T09:16:25-05:00</ReturnTs>
    <TaxPeriodEndDt>2018-12-31</TaxPeriodEndDt>
    <PreparerFirmGrp>
      <PreparerFirmEIN>823374208</PreparerFirmEIN>
      <PreparerFirmName>
        <BusinessNameLine1Txt>CAPITAL CITY ACCOUNTING &amp; TAX LLC</BusinessNameLine1Txt>
      </PreparerFirmName>
      <PreparerUSAddress>
        <AddressLine1Txt>PO BOX 104826</AddressLine1Txt>
        <CityNm>Jefferson City</CityNm>
        <StateAbbreviationCd>MO</StateAbbreviationCd>
        <ZIPCd>65110</ZIPCd>
      </PreparerUSAddress>
    </PreparerFirmGrp>
    <ReturnTypeCd>990EZ</ReturnTypeCd>
    <TaxPeriodBeginDt>2018-01-01</TaxPeriodBeginDt>
    <Filer>
      <EIN>261382062</EIN>
      <BusinessName>
        <BusinessNameLine1Txt>LEARNING INSIGHTS INC</BusinessNameLine1Txt>
      </BusinessName>
      <BusinessNameControlTxt>LEAR</BusinessNameControlTxt>
      <USAddress>
        <AddressLine1Txt>PO BOX 353</AddressLine1Txt>
        <CityNm>Imperial</CityNm>
        <StateAbbreviationCd>MO</StateAbbreviationCd>
        <ZIPCd>63052</ZIPCd>
      </USAddress>
    </Filer>
    <BusinessOfficerGrp>
      <PersonNm>PAMELA CRISEL</PersonNm>
      <PersonTitleTxt>EXECUTIVE DIREC</PersonTitleTxt>
      <PhoneNum>8777225777</PhoneNum>
      <SignatureDt>2019-11-18</SignatureDt>
      <DiscussWithPaidPreparerInd>false</DiscussWithPaidPreparerInd>
    </BusinessOfficerGrp>
    <PreparerPersonGrp>
      <PreparerPersonNm>STEVEN VANDERVEEN EA</PreparerPersonNm>
      <PTIN>P01566584</PTIN>
      <PhoneNum>5736362618</PhoneNum>
      <PreparationDt>2020-01-02</PreparationDt>
      <SelfEmployedInd>X</SelfEmployedInd>
    </PreparerPersonGrp>
    <FilingSecurityInformation>
      <IPAddress>
        <IPv4AddressTxt>216.106.39.93</IPv4AddressTxt>
      </IPAddress>
      <IPDt>2020-01-06</IPDt>
      <IPTm>09:25:31</IPTm>
      <FederalOriginalSubmissionId>43014720200063jrygg2</FederalOriginalSubmissionId>
      <FederalOriginalSubmissionIdDt>2020-01-06</FederalOriginalSubmissionIdDt>
      <FilingLicenseTypeCd>P</FilingLicenseTypeCd>
      <AtSubmissionCreationDeviceId>C58A937CD18266728030B2DFC27373C047F62F59</AtSubmissionCreationDeviceId>
      <AtSubmissionFilingDeviceId>C58A937CD18266728030B2DFC27373C047F62F59</AtSubmissionFilingDeviceId>
    </FilingSecurityInformation>
    <TaxYr>2018</TaxYr>
    <BuildTS>2020-09-23 17:36:50Z</BuildTS>
  </ReturnHeader>
  <ReturnData documentCnt="3">
    <IRS990EZ documentId="IRS990EZ">
      <MethodOfAccountingCashInd>X</MethodOfAccountingCashInd>
      <WebsiteAddressTxt>LEARNINGINSIGHTS.ORG</WebsiteAddressTxt>
      <Organization501c3Ind referenceDocumentId="990A">X</Organization501c3Ind>
      <GrossReceiptsAmt>44642</GrossReceiptsAmt>
      <InfoInScheduleOPartIInd>X</InfoInScheduleOPartIInd>
      <ProgramServiceRevenueAmt>44535</ProgramServiceRevenueAmt>
      <OtherRevenueTotalAmt>107</OtherRevenueTotalAmt>
      <TotalRevenueAmt>44642</TotalRevenueAmt>
      <SalariesOtherCompEmplBnftAmt>10000</SalariesOtherCompEmplBnftAmt>
      <FeesAndOtherPymtToIndCntrctAmt>2150</FeesAndOtherPymtToIndCntrctAmt>
      <OtherExpensesTotalAmt>18501</OtherExpensesTotalAmt>
      <TotalExpensesAmt>30651</TotalExpensesAmt>
      <ExcessOrDeficitForYearAmt>13991</ExcessOrDeficitForYearAmt>
      <NetAssetsOrFundBalancesBOYAmt>65295</NetAssetsOrFundBalancesBOYAmt>
      <NetAssetsOrFundBalancesEOYAmt>79286</NetAssetsOrFundBalancesEOYAmt>
      <InfoInScheduleOPartIIInd>X</InfoInScheduleOPartIIInd>
      <CashSavingsAndInvestmentsGrp>
        <BOYAmt>64146</BOYAmt>
        <EOYAmt>78137</EOYAmt>
      </CashSavingsAndInvestmentsGrp>
      <LandAndBuildingsGrp>
        <BOYAmt>0</BOYAmt>
        <EOYAmt>0</EOYAmt>
      </LandAndBuildingsGrp>
      <OtherAssetsTotalDetail>
        <BOYAmt>1149</BOYAmt>
        <EOYAmt>1149</EOYAmt>
      </OtherAssetsTotalDetail>
      <Form990TotalAssetsGrp>
        <BOYAmt>65295</BOYAmt>
        <EOYAmt>79286</EOYAmt>
      </Form990TotalAssetsGrp>
      <SumOfTotalLiabilitiesGrp>
        <BOYAmt>0</BOYAmt>
        <EOYAmt>0</EOYAmt>
      </SumOfTotalLiabilitiesGrp>
      <NetAssetsOrFundBalancesGrp>
        <BOYAmt>65295</BOYAmt>
        <EOYAmt>79286</EOYAmt>
      </NetAssetsOrFundBalancesGrp>
      <PrimaryExemptPurposeTxt>HELP VISUALLY HANDICAPPED STUDENTS</PrimaryExemptPurposeTxt>
      <ProgramSrvcAccomplishmentGrp>
        <DescriptionProgramSrvcAccomTxt>HELP STUDENTS WITH VISION CHALLENGES BY PROVIDING SCREENING AND TUTORING RESOURCES FOR SCHOOLS AND PARENTS</DescriptionProgramSrvcAccomTxt>
      </ProgramSrvcAccomplishmentGrp>
      <ProgramSrvcAccomplishmentGrp>
        <DescriptionProgramSrvcAccomTxt>TUTORING VISUALLY HANDICAPPED STUDENTS</DescriptionProgramSrvcAccomTxt>
      </ProgramSrvcAccomplishmentGrp>
      <TotalProgramServiceExpensesAmt>0</TotalProgramServiceExpensesAmt>
      <OfficerDirectorTrusteeEmplGrp>
        <PersonNm>PAMELA J CRISEL</PersonNm>
        <TitleTxt>EXECUTIVE DIRECTOR</TitleTxt>
        <AverageHrsPerWkDevotedToPosRt>40.00</AverageHrsPerWkDevotedToPosRt>
        <CompensationAmt>10000</CompensationAmt>
        <EmployeeBenefitProgramAmt>0</EmployeeBenefitProgramAmt>
        <ExpenseAccountOtherAllwncAmt>0</ExpenseAccountOtherAllwncAmt>
      </OfficerDirectorTrusteeEmplGrp>
      <ActivitiesNotPreviouslyRptInd>false</ActivitiesNotPreviouslyRptInd>
      <ChgMadeToOrgnzngDocNotRptInd>false</ChgMadeToOrgnzngDocNotRptInd>
      <OrganizationHadUBIInd>false</OrganizationHadUBIInd>
      <SubjectToProxyTaxInd>false</SubjectToProxyTaxInd>
      <OrganizationDissolvedEtcInd>false</OrganizationDissolvedEtcInd>
      <Form1120PolFiledInd>false</Form1120PolFiledInd>
      <MadeLoansToFromOfficersInd>false</MadeLoansToFromOfficersInd>
      <EngagedInExcessBenefitTransInd>false</EngagedInExcessBenefitTransInd>
      <ProhibitedTaxShelterTransInd>false</ProhibitedTaxShelterTransInd>
      <BooksInCareOfDetail>
        <PersonNm>PAMELA J CRISEL</PersonNm>
        <USAddress>
          <AddressLine1Txt>PO BOX 353</AddressLine1Txt>
          <CityNm>Imperial</CityNm>
          <StateAbbreviationCd>MO</StateAbbreviationCd>
          <ZIPCd>63052</ZIPCd>
        </USAddress>
        <PhoneNum>8777225777</PhoneNum>
      </BooksInCareOfDetail>
      <ForeignFinancialAccountInd>false</ForeignFinancialAccountInd>
      <ForeignOfficeInd>false</ForeignOfficeInd>
      <DonorAdvisedFndsInd>false</DonorAdvisedFndsInd>
      <OperateHospitalInd>false</OperateHospitalInd>
      <TanningServicesProvidedInd>false</TanningServicesProvidedInd>
      <RelatedOrganizationCtrlEntInd>false</RelatedOrganizationCtrlEntInd>
      <TransactionWithControlEntInd>false</TransactionWithControlEntInd>
      <PoliticalCampaignActyInd>false</PoliticalCampaignActyInd>
      <SchoolOperatingInd>false</SchoolOperatingInd>
      <PartVIOfCompOfHghstPdEmplTxt>NONE</PartVIOfCompOfHghstPdEmplTxt>
      <FiledScheduleAInd>true</FiledScheduleAInd>
    </IRS990EZ>
    <IRS990ScheduleA documentId="990A">
      <PublicOrganization170Ind>X</PublicOrganization170Ind>
      <GiftsGrantsContriRcvd170Grp>
        <CurrentTaxYearMinus4YearsAmt>3090</CurrentTaxYearMinus4YearsAmt>
        <TotalAmt>3090</TotalAmt>
      </GiftsGrantsContriRcvd170Grp>
      <TotalCalendarYear170Grp>
        <CurrentTaxYearMinus4YearsAmt>3090</CurrentTaxYearMinus4YearsAmt>
        <TotalAmt>3090</TotalAmt>
      </TotalCalendarYear170Grp>
      <PublicSupportTotal170Amt>3090</PublicSupportTotal170Amt>
      <OtherIncome170Grp>
        <CurrentTaxYearMinus4YearsAmt>890</CurrentTaxYearMinus4YearsAmt>
        <TotalAmt>890</TotalAmt>
      </OtherIncome170Grp>
      <TotalSupportAmt>3980</TotalSupportAmt>
      <PublicSupportCY170Pct>0.77640</PublicSupportCY170Pct>
      <PublicSupportPY170Pct>0.94430</PublicSupportPY170Pct>
      <ThirtyThrPctSuprtTestsCY170Ind>X</ThirtyThrPctSuprtTestsCY170Ind>
    </IRS990ScheduleA>
    <IRS990ScheduleO documentId="990O">
      <SupplementalInformationDetail>
        <FormAndLineReferenceDesc>Description of other revenue Part I line 8</FormAndLineReferenceDesc>
        <ExplanationTxt>Description AmountMISCELLANEOUS 107</ExplanationTxt>
      </SupplementalInformationDetail>
      <SupplementalInformationDetail>
        <FormAndLineReferenceDesc>Description of other expenses Part I line 16</FormAndLineReferenceDesc>
        <ExplanationTxt>Description AmountAWARENESS INITIATIVES 5,116MATERIALS AND SUPPLIES 2,923OFFICE 4,636INSURANCE 2,572TRAINING 1,311TRAVEL 880OTHER EXPENSES 74PAYROLL TAXES 765PAYROLL PROCESSING 224</ExplanationTxt>
      </SupplementalInformationDetail>
      <SupplementalInformationDetail>
        <FormAndLineReferenceDesc>Description of other assets Part II line 24</FormAndLineReferenceDesc>
        <ExplanationTxt>Category Beginning of Year End of YearINVENTORY 1,149 1,149</ExplanationTxt>
      </SupplementalInformationDetail>
    </IRS990ScheduleO>
  </ReturnData>
</Return>