﻿<?xml version="1.0" encoding="utf-8"?>
<Return xmlns="http://www.irs.gov/efile" returnVersion="2018v3.1">
  <ReturnHeader binaryAttachmentCnt="0">
    <ReturnTs>2020-01-02T09:00:14-05:00</ReturnTs>
    <TaxPeriodEndDt>2018-12-31</TaxPeriodEndDt>
    <PreparerFirmGrp>
      <PreparerFirmEIN>453845982</PreparerFirmEIN>
      <PreparerFirmName>
        <BusinessNameLine1Txt>Broyles Associates PSC</BusinessNameLine1Txt>
      </PreparerFirmName>
      <PreparerUSAddress>
        <AddressLine1Txt>3021 Atlanta Highway STE 107</AddressLine1Txt>
        <CityNm>Athens</CityNm>
        <StateAbbreviationCd>GA</StateAbbreviationCd>
        <ZIPCd>30606</ZIPCd>
      </PreparerUSAddress>
    </PreparerFirmGrp>
    <ReturnTypeCd>990EZ</ReturnTypeCd>
    <TaxPeriodBeginDt>2018-01-01</TaxPeriodBeginDt>
    <Filer>
      <EIN>464114716</EIN>
      <BusinessName>
        <BusinessNameLine1Txt>Colors of Connection</BusinessNameLine1Txt>
      </BusinessName>
      <BusinessNameControlTxt>COLO</BusinessNameControlTxt>
      <USAddress>
        <AddressLine1Txt>PO Box 55444</AddressLine1Txt>
        <CityNm>Shoreline</CityNm>
        <StateAbbreviationCd>WA</StateAbbreviationCd>
        <ZIPCd>98155</ZIPCd>
      </USAddress>
    </Filer>
    <BusinessOfficerGrp>
      <PersonNm>Laurie Reyman</PersonNm>
      <PersonTitleTxt>Treasurer</PersonTitleTxt>
      <PhoneNum>5034424769</PhoneNum>
      <SignatureDt>2019-12-30</SignatureDt>
      <DiscussWithPaidPreparerInd>false</DiscussWithPaidPreparerInd>
    </BusinessOfficerGrp>
    <PreparerPersonGrp>
      <PreparerPersonNm>Patricia J Broyles CPA</PreparerPersonNm>
      <PTIN>P00368381</PTIN>
      <PhoneNum>6065243459</PhoneNum>
      <PreparationDt>2020-01-02</PreparationDt>
    </PreparerPersonGrp>
    <FilingSecurityInformation>
      <IPAddress>
        <IPv4AddressTxt>97.80.136.7</IPv4AddressTxt>
      </IPAddress>
      <IPDt>2020-01-06</IPDt>
      <IPTm>09:25:30</IPTm>
      <FederalOriginalSubmissionId>6190992020006ji51ryb</FederalOriginalSubmissionId>
      <FederalOriginalSubmissionIdDt>2020-01-06</FederalOriginalSubmissionIdDt>
      <FilingLicenseTypeCd>P</FilingLicenseTypeCd>
      <AtSubmissionCreationDeviceId>D19F65BF6300092D5D6ED993A99CB53AAD0DB32F</AtSubmissionCreationDeviceId>
      <AtSubmissionFilingDeviceId>D19F65BF6300092D5D6ED993A99CB53AAD0DB32F</AtSubmissionFilingDeviceId>
    </FilingSecurityInformation>
    <TaxYr>2018</TaxYr>
    <BuildTS>2020-09-23 17:36:50Z</BuildTS>
  </ReturnHeader>
  <ReturnData documentCnt="3">
    <IRS990EZ documentId="IRS990EZ">
      <InitialReturnInd>X</InitialReturnInd>
      <MethodOfAccountingAccrualInd>X</MethodOfAccountingAccrualInd>
      <ScheduleBNotRequiredInd>X</ScheduleBNotRequiredInd>
      <WebsiteAddressTxt>www.colorsofconnection.org</WebsiteAddressTxt>
      <Organization501c3Ind referenceDocumentId="990A">X</Organization501c3Ind>
      <TypeOfOrganizationCorpInd>X</TypeOfOrganizationCorpInd>
      <GrossReceiptsAmt>91179</GrossReceiptsAmt>
      <InfoInScheduleOPartIInd>X</InfoInScheduleOPartIInd>
      <ContributionsGiftsGrantsEtcAmt>91137</ContributionsGiftsGrantsEtcAmt>
      <GrossSalesOfInventoryAmt>42</GrossSalesOfInventoryAmt>
      <GrossProfitLossSlsOfInvntryAmt>42</GrossProfitLossSlsOfInvntryAmt>
      <TotalRevenueAmt>91179</TotalRevenueAmt>
      <SalariesOtherCompEmplBnftAmt>41836</SalariesOtherCompEmplBnftAmt>
      <FeesAndOtherPymtToIndCntrctAmt>11082</FeesAndOtherPymtToIndCntrctAmt>
      <OccupancyRentUtltsAndMaintAmt>3100</OccupancyRentUtltsAndMaintAmt>
      <PrintingPublicationsPostageAmt>755</PrintingPublicationsPostageAmt>
      <OtherExpensesTotalAmt>5362</OtherExpensesTotalAmt>
      <TotalExpensesAmt>62135</TotalExpensesAmt>
      <ExcessOrDeficitForYearAmt>29044</ExcessOrDeficitForYearAmt>
      <NetAssetsOrFundBalancesBOYAmt>-159</NetAssetsOrFundBalancesBOYAmt>
      <NetAssetsOrFundBalancesEOYAmt>28885</NetAssetsOrFundBalancesEOYAmt>
      <InfoInScheduleOPartIIInd>X</InfoInScheduleOPartIIInd>
      <CashSavingsAndInvestmentsGrp>
        <BOYAmt>103</BOYAmt>
        <EOYAmt>28757</EOYAmt>
      </CashSavingsAndInvestmentsGrp>
      <LandAndBuildingsGrp>
        <BOYAmt>599</BOYAmt>
        <EOYAmt>348</EOYAmt>
      </LandAndBuildingsGrp>
      <OtherAssetsTotalDetail>
        <BOYAmt>0</BOYAmt>
        <EOYAmt>0</EOYAmt>
      </OtherAssetsTotalDetail>
      <Form990TotalAssetsGrp>
        <BOYAmt>702</BOYAmt>
        <EOYAmt>29105</EOYAmt>
      </Form990TotalAssetsGrp>
      <SumOfTotalLiabilitiesGrp>
        <BOYAmt>861</BOYAmt>
        <EOYAmt>220</EOYAmt>
      </SumOfTotalLiabilitiesGrp>
      <NetAssetsOrFundBalancesGrp>
        <BOYAmt>-159</BOYAmt>
        <EOYAmt>28885</EOYAmt>
      </NetAssetsOrFundBalancesGrp>
      <PrimaryExemptPurposeTxt>Physcosocial based arts programming</PrimaryExemptPurposeTxt>
      <ProgramSrvcAccomplishmentGrp>
        <DescriptionProgramSrvcAccomTxt>Organizational development - put in place operational policies procedures and mechanisms for the operations of the organization</DescriptionProgramSrvcAccomTxt>
        <GrantsAndAllocationsAmt>15000</GrantsAndAllocationsAmt>
        <ProgramServiceExpensesAmt>12484</ProgramServiceExpensesAmt>
      </ProgramSrvcAccomplishmentGrp>
      <ProgramSrvcAccomplishmentGrp>
        <DescriptionProgramSrvcAccomTxt>Project development and fundraising - developed and fundraised for a project that was implemented in early 2019</DescriptionProgramSrvcAccomTxt>
        <GrantsAndAllocationsAmt>56968</GrantsAndAllocationsAmt>
        <ForeignGrantsInd>X</ForeignGrantsInd>
        <ProgramServiceExpensesAmt>45067</ProgramServiceExpensesAmt>
      </ProgramSrvcAccomplishmentGrp>
      <TotalProgramServiceExpensesAmt>57551</TotalProgramServiceExpensesAmt>
      <OfficerDirectorTrusteeEmplGrp>
        <PersonNm>Christina Mallie</PersonNm>
        <TitleTxt>Chairman of the Board</TitleTxt>
        <AverageHrsPerWkDevotedToPosRt>24.00</AverageHrsPerWkDevotedToPosRt>
        <CompensationAmt>0</CompensationAmt>
        <EmployeeBenefitProgramAmt>0</EmployeeBenefitProgramAmt>
        <ExpenseAccountOtherAllwncAmt>0</ExpenseAccountOtherAllwncAmt>
      </OfficerDirectorTrusteeEmplGrp>
      <OfficerDirectorTrusteeEmplGrp>
        <PersonNm>Laurie Reyman</PersonNm>
        <TitleTxt>Treasurer</TitleTxt>
        <AverageHrsPerWkDevotedToPosRt>24.00</AverageHrsPerWkDevotedToPosRt>
        <CompensationAmt>0</CompensationAmt>
        <EmployeeBenefitProgramAmt>0</EmployeeBenefitProgramAmt>
        <ExpenseAccountOtherAllwncAmt>0</ExpenseAccountOtherAllwncAmt>
      </OfficerDirectorTrusteeEmplGrp>
      <OfficerDirectorTrusteeEmplGrp>
        <PersonNm>Kate P Charles</PersonNm>
        <TitleTxt>Secretary</TitleTxt>
        <AverageHrsPerWkDevotedToPosRt>1.00</AverageHrsPerWkDevotedToPosRt>
        <CompensationAmt>0</CompensationAmt>
        <EmployeeBenefitProgramAmt>0</EmployeeBenefitProgramAmt>
        <ExpenseAccountOtherAllwncAmt>0</ExpenseAccountOtherAllwncAmt>
      </OfficerDirectorTrusteeEmplGrp>
      <OfficerDirectorTrusteeEmplGrp>
        <PersonNm>Jane McPherson</PersonNm>
        <TitleTxt>Board Member</TitleTxt>
        <AverageHrsPerWkDevotedToPosRt>1.00</AverageHrsPerWkDevotedToPosRt>
        <CompensationAmt>0</CompensationAmt>
        <EmployeeBenefitProgramAmt>0</EmployeeBenefitProgramAmt>
        <ExpenseAccountOtherAllwncAmt>0</ExpenseAccountOtherAllwncAmt>
      </OfficerDirectorTrusteeEmplGrp>
      <OfficerDirectorTrusteeEmplGrp>
        <PersonNm>Lynn S Bustle</PersonNm>
        <TitleTxt>Board Member</TitleTxt>
        <AverageHrsPerWkDevotedToPosRt>1.00</AverageHrsPerWkDevotedToPosRt>
        <CompensationAmt>0</CompensationAmt>
        <EmployeeBenefitProgramAmt>0</EmployeeBenefitProgramAmt>
        <ExpenseAccountOtherAllwncAmt>0</ExpenseAccountOtherAllwncAmt>
      </OfficerDirectorTrusteeEmplGrp>
      <OfficerDirectorTrusteeEmplGrp>
        <PersonNm>Eunice Johnson</PersonNm>
        <TitleTxt>Board Member</TitleTxt>
        <AverageHrsPerWkDevotedToPosRt>1.00</AverageHrsPerWkDevotedToPosRt>
        <CompensationAmt>0</CompensationAmt>
        <EmployeeBenefitProgramAmt>0</EmployeeBenefitProgramAmt>
        <ExpenseAccountOtherAllwncAmt>0</ExpenseAccountOtherAllwncAmt>
      </OfficerDirectorTrusteeEmplGrp>
      <ActivitiesNotPreviouslyRptInd>false</ActivitiesNotPreviouslyRptInd>
      <ChgMadeToOrgnzngDocNotRptInd>false</ChgMadeToOrgnzngDocNotRptInd>
      <OrganizationHadUBIInd>false</OrganizationHadUBIInd>
      <SubjectToProxyTaxInd>false</SubjectToProxyTaxInd>
      <OrganizationDissolvedEtcInd>false</OrganizationDissolvedEtcInd>
      <Form1120PolFiledInd>false</Form1120PolFiledInd>
      <MadeLoansToFromOfficersInd>false</MadeLoansToFromOfficersInd>
      <EngagedInExcessBenefitTransInd>false</EngagedInExcessBenefitTransInd>
      <ProhibitedTaxShelterTransInd>false</ProhibitedTaxShelterTransInd>
      <StatesWhereCopyOfReturnIsFldCd>GA</StatesWhereCopyOfReturnIsFldCd>
      <StatesWhereCopyOfReturnIsFldCd>WA</StatesWhereCopyOfReturnIsFldCd>
      <StatesWhereCopyOfReturnIsFldCd>NY</StatesWhereCopyOfReturnIsFldCd>
      <BooksInCareOfDetail>
        <PersonNm>Laurie Reyman</PersonNm>
        <USAddress>
          <AddressLine1Txt>PO Box 55444</AddressLine1Txt>
          <CityNm>Shoreline</CityNm>
          <StateAbbreviationCd>WA</StateAbbreviationCd>
          <ZIPCd>98155</ZIPCd>
        </USAddress>
        <PhoneNum>5034424769</PhoneNum>
      </BooksInCareOfDetail>
      <ForeignFinancialAccountInd>false</ForeignFinancialAccountInd>
      <ForeignOfficeInd>false</ForeignOfficeInd>
      <DonorAdvisedFndsInd>false</DonorAdvisedFndsInd>
      <OperateHospitalInd>false</OperateHospitalInd>
      <TanningServicesProvidedInd>false</TanningServicesProvidedInd>
      <RelatedOrganizationCtrlEntInd>false</RelatedOrganizationCtrlEntInd>
      <TransactionWithControlEntInd>false</TransactionWithControlEntInd>
      <PoliticalCampaignActyInd>false</PoliticalCampaignActyInd>
      <LobbyingActivitiesInd>false</LobbyingActivitiesInd>
      <SchoolOperatingInd>false</SchoolOperatingInd>
      <TrnsfrExmptNonChrtblRltdOrgInd>false</TrnsfrExmptNonChrtblRltdOrgInd>
      <PartVIOfCompOfHghstPdEmplTxt>NONE</PartVIOfCompOfHghstPdEmplTxt>
      <PartVIHghstPdCntrctProfSrvcTxt>NONE</PartVIHghstPdCntrctProfSrvcTxt>
      <FiledScheduleAInd>true</FiledScheduleAInd>
    </IRS990EZ>
    <IRS990ScheduleA documentId="990A">
      <PubliclySupportedOrg509a2Ind>X</PubliclySupportedOrg509a2Ind>
      <GiftsGrantsContrisRcvd509Grp>
        <CurrentTaxYearMinus1YearAmt>1761</CurrentTaxYearMinus1YearAmt>
        <CurrentTaxYearAmt>91137</CurrentTaxYearAmt>
        <TotalAmt>92898</TotalAmt>
      </GiftsGrantsContrisRcvd509Grp>
      <GrossReceiptsAdmissionsGrp>
        <CurrentTaxYearAmt>42</CurrentTaxYearAmt>
        <TotalAmt>42</TotalAmt>
      </GrossReceiptsAdmissionsGrp>
      <Total509Grp>
        <CurrentTaxYearMinus1YearAmt>1761</CurrentTaxYearMinus1YearAmt>
        <CurrentTaxYearAmt>91179</CurrentTaxYearAmt>
        <TotalAmt>92940</TotalAmt>
      </Total509Grp>
      <AmountsRcvdDsqlfyPersonGrp>
        <CurrentTaxYearAmt>1167</CurrentTaxYearAmt>
        <TotalAmt>1167</TotalAmt>
      </AmountsRcvdDsqlfyPersonGrp>
      <SubstAndDsqlfyPrsnsTotGrp>
        <CurrentTaxYearAmt>1167</CurrentTaxYearAmt>
        <TotalAmt>1167</TotalAmt>
      </SubstAndDsqlfyPrsnsTotGrp>
      <PublicSupportTotal509Amt>91773</PublicSupportTotal509Amt>
      <TotalSupportCalendarYearGrp>
        <CurrentTaxYearMinus4YearsAmt>0</CurrentTaxYearMinus4YearsAmt>
        <CurrentTaxYearMinus2YearsAmt>0</CurrentTaxYearMinus2YearsAmt>
        <CurrentTaxYearMinus1YearAmt>1761</CurrentTaxYearMinus1YearAmt>
        <CurrentTaxYearAmt>91179</CurrentTaxYearAmt>
        <TotalAmt>92940</TotalAmt>
      </TotalSupportCalendarYearGrp>
      <PublicSupportCY509Pct>0.98740</PublicSupportCY509Pct>
      <PublicSupportPY509Pct>0.00000</PublicSupportPY509Pct>
      <InvestmentIncomeCYPct>0.00000</InvestmentIncomeCYPct>
      <InvestmentIncomePYPct>0.00000</InvestmentIncomePYPct>
      <ThirtyThrPctSuprtTestsCY509Ind>X</ThirtyThrPctSuprtTestsCY509Ind>
    </IRS990ScheduleA>
    <IRS990ScheduleO documentId="990O">
      <SupplementalInformationDetail>
        <FormAndLineReferenceDesc>Description of other expenses Part I line 16</FormAndLineReferenceDesc>
        <ExplanationTxt>Description AmountAdministrative Overhead 684Bank Charges 318Depreciation 252Events 250Marketing/Advertising 165Meetings &amp; Conferences 332Office Supplies 55Parking/Transportation/Mileage 36Product Manufacture 265Program Supplies 6Staff Development 383Technology 1,736Travel 380Web/Phone/Internet 500</ExplanationTxt>
      </SupplementalInformationDetail>
      <SupplementalInformationDetail>
        <FormAndLineReferenceDesc>Description of total liabilities Part II line 26</FormAndLineReferenceDesc>
        <ExplanationTxt>Category Beginning of Year End of YearPayroll Liabilities 61 220Salaries &amp; Wages Payable 800 0</ExplanationTxt>
      </SupplementalInformationDetail>
    </IRS990ScheduleO>
  </ReturnData>
</Return>