﻿<?xml version="1.0" encoding="utf-8"?>
<Return xmlns="http://www.irs.gov/efile" xmlns:xsi="http://www.w3.org/2001/XMLSchema-instance" xsi:schemaLocation="http://www.irs.gov/efile" returnVersion="2018v3.1">
  <ReturnHeader binaryAttachmentCnt="0">
    <ReturnTs>2020-01-06T09:46:48-06:00</ReturnTs>
    <TaxPeriodEndDt>2019-06-30</TaxPeriodEndDt>
    <PreparerFirmGrp>
      <PreparerFirmEIN>223692358</PreparerFirmEIN>
      <PreparerFirmName>
        <BusinessNameLine1Txt>GIORDANO ET AL &amp; CO PA CPA</BusinessNameLine1Txt>
      </PreparerFirmName>
      <PreparerUSAddress>
        <AddressLine1Txt>147 COLUMBIA TURNPIKE PO BOX 267</AddressLine1Txt>
        <CityNm>FLORHAM PARK</CityNm>
        <StateAbbreviationCd>NJ</StateAbbreviationCd>
        <ZIPCd>07932</ZIPCd>
      </PreparerUSAddress>
    </PreparerFirmGrp>
    <ReturnTypeCd>990EZ</ReturnTypeCd>
    <TaxPeriodBeginDt>2018-07-01</TaxPeriodBeginDt>
    <Filer>
      <EIN>461619725</EIN>
      <BusinessName>
        <BusinessNameLine1Txt>MADISON ICE HOCKEY BOOSTER CLUB INC</BusinessNameLine1Txt>
      </BusinessName>
      <BusinessNameControlTxt>MADI</BusinessNameControlTxt>
      <PhoneNum>2015621681</PhoneNum>
      <USAddress>
        <AddressLine1Txt>C/O JEN GERO- 191 CENTRAL AVE</AddressLine1Txt>
        <CityNm>MADISON</CityNm>
        <StateAbbreviationCd>NJ</StateAbbreviationCd>
        <ZIPCd>07940</ZIPCd>
      </USAddress>
    </Filer>
    <BusinessOfficerGrp>
      <PersonNm>WILLIAM C SWEENEY</PersonNm>
      <PersonTitleTxt>SECRETARY</PersonTitleTxt>
      <PhoneNum>9733772009</PhoneNum>
      <SignatureDt>2020-01-06</SignatureDt>
    </BusinessOfficerGrp>
    <PreparerPersonGrp>
      <PreparerPersonNm>WILLIAM C SWEENEY JR CPA</PreparerPersonNm>
      <PTIN>P00025028</PTIN>
      <PhoneNum>9733772009</PhoneNum>
      <PreparationDt>2020-01-06</PreparationDt>
    </PreparerPersonGrp>
    <FilingSecurityInformation>
      <IPAddress>
        <IPv4AddressTxt>108.50.169.128</IPv4AddressTxt>
      </IPAddress>
      <IPDt>2020-01-06</IPDt>
      <IPTm>10:46:34</IPTm>
      <IPTimezoneCd>ES</IPTimezoneCd>
      <FilingLicenseTypeCd>P</FilingLicenseTypeCd>
      <AtSubmissionCreationDeviceId>206189171C306905BEE0DC286F711DCB21FD2FC3</AtSubmissionCreationDeviceId>
      <AtSubmissionFilingDeviceId>206189171C306905BEE0DC286F711DCB21FD2FC3</AtSubmissionFilingDeviceId>
    </FilingSecurityInformation>
    <TaxYr>2018</TaxYr>
    <BuildTS>2020-09-23 17:36:50Z</BuildTS>
  </ReturnHeader>
  <ReturnData documentCnt="5">
    <IRS990EZ documentId="RetDoc1234200001" referenceDocumentId="RetDoc1051800001 RetDoc2278000001">
      <AddressChangeInd>X</AddressChangeInd>
      <MethodOfAccountingCashInd>X</MethodOfAccountingCashInd>
      <ScheduleBNotRequiredInd>X</ScheduleBNotRequiredInd>
      <WebsiteAddressTxt>WWW.GOTICE.ORG</WebsiteAddressTxt>
      <Organization501c3Ind referenceDocumentId="RetDoc1039100001">X</Organization501c3Ind>
      <TypeOfOrganizationCorpInd>X</TypeOfOrganizationCorpInd>
      <GrossReceiptsAmt>68005</GrossReceiptsAmt>
      <InfoInScheduleOPartIInd>X</InfoInScheduleOPartIInd>
      <ContributionsGiftsGrantsEtcAmt>5322</ContributionsGiftsGrantsEtcAmt>
      <MembershipDuesAmt>20421</MembershipDuesAmt>
      <GamingGrossIncomeAmt referenceDocumentId="RetDoc1041200001">20199</GamingGrossIncomeAmt>
      <FundraisingGrossIncomeAmt referenceDocumentId="RetDoc1041200001">4840</FundraisingGrossIncomeAmt>
      <SpecialEventsDirectExpensesAmt>7119</SpecialEventsDirectExpensesAmt>
      <SpecialEventsNetIncomeLossAmt>17920</SpecialEventsNetIncomeLossAmt>
      <GrossSalesOfInventoryAmt>17161</GrossSalesOfInventoryAmt>
      <CostOfGoodsSoldAmt>13160</CostOfGoodsSoldAmt>
      <GrossProfitLossSlsOfInvntryAmt>4001</GrossProfitLossSlsOfInvntryAmt>
      <OtherRevenueTotalAmt>62</OtherRevenueTotalAmt>
      <TotalRevenueAmt>47726</TotalRevenueAmt>
      <GrantsAndSimilarAmountsPaidAmt>1000</GrantsAndSimilarAmountsPaidAmt>
      <FeesAndOtherPymtToIndCntrctAmt>3900</FeesAndOtherPymtToIndCntrctAmt>
      <OtherExpensesTotalAmt>36433</OtherExpensesTotalAmt>
      <TotalExpensesAmt>41333</TotalExpensesAmt>
      <ExcessOrDeficitForYearAmt>6393</ExcessOrDeficitForYearAmt>
      <NetAssetsOrFundBalancesBOYAmt>49078</NetAssetsOrFundBalancesBOYAmt>
      <OtherChangesInNetAssetsAmt>0</OtherChangesInNetAssetsAmt>
      <NetAssetsOrFundBalancesEOYAmt>55471</NetAssetsOrFundBalancesEOYAmt>
      <CashSavingsAndInvestmentsGrp>
        <BOYAmt>49078</BOYAmt>
        <EOYAmt>55471</EOYAmt>
      </CashSavingsAndInvestmentsGrp>
      <Form990TotalAssetsGrp>
        <BOYAmt>49078</BOYAmt>
        <EOYAmt>55471</EOYAmt>
      </Form990TotalAssetsGrp>
      <SumOfTotalLiabilitiesGrp>
        <BOYAmt>0</BOYAmt>
        <EOYAmt>0</EOYAmt>
      </SumOfTotalLiabilitiesGrp>
      <NetAssetsOrFundBalancesGrp>
        <BOYAmt>49078</BOYAmt>
        <EOYAmt>55471</EOYAmt>
      </NetAssetsOrFundBalancesGrp>
      <InfoInScheduleOPartIIIInd>X</InfoInScheduleOPartIIIInd>
      <PrimaryExemptPurposeTxt>PROMOTION OF YOUTH ICE SPORTS AND SUPERVISED COMPETITION</PrimaryExemptPurposeTxt>
      <ProgramSrvcAccomplishmentGrp>
        <DescriptionProgramSrvcAccomTxt>PROMOTION OF YOUTH ICE SPORTS FOR MADISON NJ HIGH SCHOOL STUDENTS FOR 2018-2019 SEASON, AND RECOGNITION OF PLAYER ACCOMPLISHMENTS, BENEFITTING APPROXIMATELY 35 TO 40 YOUTH</DescriptionProgramSrvcAccomTxt>
        <GrantsAndAllocationsAmt>0</GrantsAndAllocationsAmt>
        <ProgramServiceExpensesAmt>40333</ProgramServiceExpensesAmt>
      </ProgramSrvcAccomplishmentGrp>
      <ProgramSrvcAccomplishmentGrp>
        <DescriptionProgramSrvcAccomTxt>FOUNDATION FOR MORRISTOWN MEDICAL CENTER- HOCKEY FIGHTS CANCER</DescriptionProgramSrvcAccomTxt>
        <GrantsAndAllocationsAmt>0</GrantsAndAllocationsAmt>
        <ProgramServiceExpensesAmt>1000</ProgramServiceExpensesAmt>
      </ProgramSrvcAccomplishmentGrp>
      <TotalProgramServiceExpensesAmt>41333</TotalProgramServiceExpensesAmt>
      <OfficerDirectorTrusteeEmplGrp>
        <PersonNm>ANDREW PRUZICK</PersonNm>
        <TitleTxt>DIRECTOR</TitleTxt>
        <AverageHrsPerWkDevotedToPosRt>0.50</AverageHrsPerWkDevotedToPosRt>
        <CompensationAmt>0</CompensationAmt>
        <EmployeeBenefitProgramAmt>0</EmployeeBenefitProgramAmt>
        <ExpenseAccountOtherAllwncAmt>0</ExpenseAccountOtherAllwncAmt>
      </OfficerDirectorTrusteeEmplGrp>
      <OfficerDirectorTrusteeEmplGrp>
        <PersonNm>ROBERT HAMWEE</PersonNm>
        <TitleTxt>VICE PRESIDENT &amp; DIRECTOR</TitleTxt>
        <AverageHrsPerWkDevotedToPosRt>3.00</AverageHrsPerWkDevotedToPosRt>
        <CompensationAmt>0</CompensationAmt>
        <EmployeeBenefitProgramAmt>0</EmployeeBenefitProgramAmt>
        <ExpenseAccountOtherAllwncAmt>0</ExpenseAccountOtherAllwncAmt>
      </OfficerDirectorTrusteeEmplGrp>
      <OfficerDirectorTrusteeEmplGrp>
        <PersonNm>JENNIFER GROLLER</PersonNm>
        <TitleTxt>DIRECTOR</TitleTxt>
        <AverageHrsPerWkDevotedToPosRt>0.50</AverageHrsPerWkDevotedToPosRt>
        <CompensationAmt>0</CompensationAmt>
        <EmployeeBenefitProgramAmt>0</EmployeeBenefitProgramAmt>
        <ExpenseAccountOtherAllwncAmt>0</ExpenseAccountOtherAllwncAmt>
      </OfficerDirectorTrusteeEmplGrp>
      <OfficerDirectorTrusteeEmplGrp>
        <PersonNm>DAVID GORET</PersonNm>
        <TitleTxt>DIRECTOR</TitleTxt>
        <AverageHrsPerWkDevotedToPosRt>0.50</AverageHrsPerWkDevotedToPosRt>
        <CompensationAmt>0</CompensationAmt>
        <EmployeeBenefitProgramAmt>0</EmployeeBenefitProgramAmt>
        <ExpenseAccountOtherAllwncAmt>0</ExpenseAccountOtherAllwncAmt>
      </OfficerDirectorTrusteeEmplGrp>
      <OfficerDirectorTrusteeEmplGrp>
        <PersonNm>AMY LAYNG</PersonNm>
        <TitleTxt>DIRECTOR</TitleTxt>
        <AverageHrsPerWkDevotedToPosRt>0.50</AverageHrsPerWkDevotedToPosRt>
        <CompensationAmt>0</CompensationAmt>
        <EmployeeBenefitProgramAmt>0</EmployeeBenefitProgramAmt>
        <ExpenseAccountOtherAllwncAmt>0</ExpenseAccountOtherAllwncAmt>
      </OfficerDirectorTrusteeEmplGrp>
      <OfficerDirectorTrusteeEmplGrp>
        <PersonNm>RICHARD MEYER</PersonNm>
        <TitleTxt>DIRECTOR</TitleTxt>
        <AverageHrsPerWkDevotedToPosRt>1.00</AverageHrsPerWkDevotedToPosRt>
        <CompensationAmt>0</CompensationAmt>
        <EmployeeBenefitProgramAmt>0</EmployeeBenefitProgramAmt>
        <ExpenseAccountOtherAllwncAmt>0</ExpenseAccountOtherAllwncAmt>
      </OfficerDirectorTrusteeEmplGrp>
      <OfficerDirectorTrusteeEmplGrp>
        <PersonNm>JENNIFER GERO</PersonNm>
        <TitleTxt>PRESIDENT</TitleTxt>
        <AverageHrsPerWkDevotedToPosRt>6.00</AverageHrsPerWkDevotedToPosRt>
        <CompensationAmt>0</CompensationAmt>
        <EmployeeBenefitProgramAmt>0</EmployeeBenefitProgramAmt>
        <ExpenseAccountOtherAllwncAmt>0</ExpenseAccountOtherAllwncAmt>
      </OfficerDirectorTrusteeEmplGrp>
      <OfficerDirectorTrusteeEmplGrp>
        <PersonNm>JOHN HOOVER</PersonNm>
        <TitleTxt>TREASURER &amp; DIRECTOR</TitleTxt>
        <AverageHrsPerWkDevotedToPosRt>3.00</AverageHrsPerWkDevotedToPosRt>
        <CompensationAmt>0</CompensationAmt>
        <EmployeeBenefitProgramAmt>0</EmployeeBenefitProgramAmt>
        <ExpenseAccountOtherAllwncAmt>0</ExpenseAccountOtherAllwncAmt>
      </OfficerDirectorTrusteeEmplGrp>
      <OfficerDirectorTrusteeEmplGrp>
        <PersonNm>WILLIAM SWEENEY</PersonNm>
        <TitleTxt>SECRETARY &amp; DIRECTOR</TitleTxt>
        <AverageHrsPerWkDevotedToPosRt>1.00</AverageHrsPerWkDevotedToPosRt>
        <CompensationAmt>0</CompensationAmt>
        <EmployeeBenefitProgramAmt>0</EmployeeBenefitProgramAmt>
        <ExpenseAccountOtherAllwncAmt>0</ExpenseAccountOtherAllwncAmt>
      </OfficerDirectorTrusteeEmplGrp>
      <InfoInScheduleOPartVInd>X</InfoInScheduleOPartVInd>
      <ActivitiesNotPreviouslyRptInd>0</ActivitiesNotPreviouslyRptInd>
      <ChgMadeToOrgnzngDocNotRptInd>0</ChgMadeToOrgnzngDocNotRptInd>
      <OrganizationHadUBIInd>0</OrganizationHadUBIInd>
      <SubjectToProxyTaxInd>0</SubjectToProxyTaxInd>
      <OrganizationDissolvedEtcInd>0</OrganizationDissolvedEtcInd>
      <DirectIndirectPltclExpendAmt>0</DirectIndirectPltclExpendAmt>
      <MadeLoansToFromOfficersInd>0</MadeLoansToFromOfficersInd>
      <TaxImposedUnderIRC4911Amt>0</TaxImposedUnderIRC4911Amt>
      <TaxImposedUnderIRC4912Amt>0</TaxImposedUnderIRC4912Amt>
      <TaxImposedUnderIRC4955Amt>0</TaxImposedUnderIRC4955Amt>
      <EngagedInExcessBenefitTransInd>0</EngagedInExcessBenefitTransInd>
      <TaxImposedOnOrganizationMgrAmt>0</TaxImposedOnOrganizationMgrAmt>
      <TaxReimbursedByOrganizationAmt>0</TaxReimbursedByOrganizationAmt>
      <ProhibitedTaxShelterTransInd>0</ProhibitedTaxShelterTransInd>
      <StatesWhereCopyOfReturnIsFldCd>NJ</StatesWhereCopyOfReturnIsFldCd>
      <BooksInCareOfDetail>
        <PersonNm>JOHN HOOVER</PersonNm>
        <USAddress>
          <AddressLine1Txt>115 CENTRAL AVE</AddressLine1Txt>
          <CityNm>MADISON</CityNm>
          <StateAbbreviationCd>NJ</StateAbbreviationCd>
          <ZIPCd>07940</ZIPCd>
        </USAddress>
        <PhoneNum>9733774417</PhoneNum>
      </BooksInCareOfDetail>
      <ForeignFinancialAccountInd>0</ForeignFinancialAccountInd>
      <ForeignOfficeInd>0</ForeignOfficeInd>
      <DonorAdvisedFndsInd>0</DonorAdvisedFndsInd>
      <OperateHospitalInd>0</OperateHospitalInd>
      <TanningServicesProvidedInd>0</TanningServicesProvidedInd>
      <RelatedOrganizationCtrlEntInd>0</RelatedOrganizationCtrlEntInd>
      <TransactionWithControlEntInd>0</TransactionWithControlEntInd>
      <PoliticalCampaignActyInd>0</PoliticalCampaignActyInd>
      <LobbyingActivitiesInd>0</LobbyingActivitiesInd>
      <SchoolOperatingInd>0</SchoolOperatingInd>
      <TrnsfrExmptNonChrtblRltdOrgInd>0</TrnsfrExmptNonChrtblRltdOrgInd>
      <PartVIOfCompOfHghstPdEmplTxt>NONE</PartVIOfCompOfHghstPdEmplTxt>
      <PartVIHghstPdCntrctProfSrvcTxt>NONE</PartVIHghstPdCntrctProfSrvcTxt>
      <FiledScheduleAInd>1</FiledScheduleAInd>
    </IRS990EZ>
    <IRS990ScheduleA documentId="RetDoc1039100001">
      <PubliclySupportedOrg509a2Ind>X</PubliclySupportedOrg509a2Ind>
      <GiftsGrantsContrisRcvd509Grp>
        <CurrentTaxYearMinus2YearsAmt>46279</CurrentTaxYearMinus2YearsAmt>
        <CurrentTaxYearMinus1YearAmt>43265</CurrentTaxYearMinus1YearAmt>
        <CurrentTaxYearAmt>25261</CurrentTaxYearAmt>
        <TotalAmt>114805</TotalAmt>
      </GiftsGrantsContrisRcvd509Grp>
      <GrossReceiptsAdmissionsGrp>
        <CurrentTaxYearMinus2YearsAmt>14990</CurrentTaxYearMinus2YearsAmt>
        <CurrentTaxYearMinus1YearAmt>5761</CurrentTaxYearMinus1YearAmt>
        <CurrentTaxYearAmt>22001</CurrentTaxYearAmt>
        <TotalAmt>42752</TotalAmt>
      </GrossReceiptsAdmissionsGrp>
      <Total509Grp>
        <CurrentTaxYearMinus2YearsAmt>61269</CurrentTaxYearMinus2YearsAmt>
        <CurrentTaxYearMinus1YearAmt>49026</CurrentTaxYearMinus1YearAmt>
        <CurrentTaxYearAmt>47262</CurrentTaxYearAmt>
        <TotalAmt>157557</TotalAmt>
      </Total509Grp>
      <AmountsRcvdDsqlfyPersonGrp>
        <TotalAmt>0</TotalAmt>
      </AmountsRcvdDsqlfyPersonGrp>
      <SubstantialContributorsAmtGrp>
        <TotalAmt>0</TotalAmt>
      </SubstantialContributorsAmtGrp>
      <SubstAndDsqlfyPrsnsTotGrp>
        <TotalAmt>0</TotalAmt>
      </SubstAndDsqlfyPrsnsTotGrp>
      <PublicSupportTotal509Amt>157557</PublicSupportTotal509Amt>
      <GrossInvestmentIncome509Grp>
        <CurrentTaxYearMinus2YearsAmt>70</CurrentTaxYearMinus2YearsAmt>
        <CurrentTaxYearMinus1YearAmt>75</CurrentTaxYearMinus1YearAmt>
        <CurrentTaxYearAmt>62</CurrentTaxYearAmt>
        <TotalAmt>207</TotalAmt>
      </GrossInvestmentIncome509Grp>
      <InvestmentIncomeAndUBTIGrp>
        <CurrentTaxYearMinus2YearsAmt>70</CurrentTaxYearMinus2YearsAmt>
        <CurrentTaxYearMinus1YearAmt>75</CurrentTaxYearMinus1YearAmt>
        <CurrentTaxYearAmt>62</CurrentTaxYearAmt>
        <TotalAmt>207</TotalAmt>
      </InvestmentIncomeAndUBTIGrp>
      <TotalSupportCalendarYearGrp>
        <CurrentTaxYearMinus2YearsAmt>61339</CurrentTaxYearMinus2YearsAmt>
        <CurrentTaxYearMinus1YearAmt>49101</CurrentTaxYearMinus1YearAmt>
        <CurrentTaxYearAmt>47324</CurrentTaxYearAmt>
        <TotalAmt>157764</TotalAmt>
      </TotalSupportCalendarYearGrp>
      <PublicSupportCY509Pct>0.99870</PublicSupportCY509Pct>
      <PublicSupportPY509Pct>0.99870</PublicSupportPY509Pct>
      <InvestmentIncomeCYPct>0.00130</InvestmentIncomeCYPct>
      <InvestmentIncomePYPct>0.00130</InvestmentIncomePYPct>
      <ThirtyThrPctSuprtTestsCY509Ind>X</ThirtyThrPctSuprtTestsCY509Ind>
    </IRS990ScheduleA>
    <IRS990ScheduleG documentId="RetDoc1041200001">
      <EmailSolicitationsInd>X</EmailSolicitationsInd>
      <InPersonSolicitationsInd>X</InPersonSolicitationsInd>
      <SpecialFundraisingEventsInd>X</SpecialFundraisingEventsInd>
      <AgrmtProfFundraisingActyInd>0</AgrmtProfFundraisingActyInd>
      <GamingInformationGrp>
        <GrossRevenueOtherGamingAmt>20199</GrossRevenueOtherGamingAmt>
        <CashPrizesOtherGamingAmt>2080</CashPrizesOtherGamingAmt>
        <OthDirectExpnssOtherGamingAmt>530</OthDirectExpnssOtherGamingAmt>
        <VolunteerLaborOtherGamingInd>1</VolunteerLaborOtherGamingInd>
        <VolunteerLaborOtherGamingPct>1.00000</VolunteerLaborOtherGamingPct>
        <GrossRevenueTotalGamingAmt>20199</GrossRevenueTotalGamingAmt>
        <CashPrizesTotalGamingAmt>2080</CashPrizesTotalGamingAmt>
        <OthDirectExpnssTotalGamingAmt>530</OthDirectExpnssTotalGamingAmt>
        <DirectExpenseSummaryGamingAmt>2610</DirectExpenseSummaryGamingAmt>
        <NetGamingIncomeSummaryAmt>17589</NetGamingIncomeSummaryAmt>
      </GamingInformationGrp>
      <StatesWhereGamingConductedCd>NJ</StatesWhereGamingConductedCd>
      <LicensedInd>1</LicensedInd>
      <LicenseSuspendedEtcInd>0</LicenseSuspendedEtcInd>
      <GamingWithNonmembersInd>1</GamingWithNonmembersInd>
      <MemberOfOtherEntityInd>0</MemberOfOtherEntityInd>
      <GamingOtherFacilityPct>1.00000</GamingOtherFacilityPct>
      <IndividualWithBooksNm>JOHN HOOVER</IndividualWithBooksNm>
      <PersonsWithBooksUSAddress>
        <AddressLine1Txt>115 CENTRAL AVE</AddressLine1Txt>
        <CityNm>MADISON</CityNm>
        <StateAbbreviationCd>NJ</StateAbbreviationCd>
        <ZIPCd>07940</ZIPCd>
      </PersonsWithBooksUSAddress>
      <CntrctWith3rdPrtyForGameRevInd>0</CntrctWith3rdPrtyForGameRevInd>
      <GamingManagerPersonNm>VARIOUS VOLUNTEERS-OFFICERS AND DIR</GamingManagerPersonNm>
      <GamingManagerCompensationAmt>0</GamingManagerCompensationAmt>
      <GamingManagerServicesProvTxt>ORGANIZATION AND CONDUCT OF 50/50 CASH RAFFLE, SILENT AUCTION AND TRICKY TRAY OF DONATED MERCHANDISE AND PRIZES</GamingManagerServicesProvTxt>
      <GamingManagerIsDirectorOfcrInd>X</GamingManagerIsDirectorOfcrInd>
      <CharitableDistributionRqrInd>1</CharitableDistributionRqrInd>
      <DistributedAmt>17589</DistributedAmt>
    </IRS990ScheduleG>
    <IRS990ScheduleO documentId="RetDoc1051800001">
      <SupplementalInformationDetail>
        <FormAndLineReferenceDesc>FORM 990-EZ, PART I, LINE 7 - SALES OF INVENTORY</FormAndLineReferenceDesc>
        <ExplanationTxt>INCOME: GROSS RECEIPTS: 17,161. RETURNS AND ALLOWANCES: 0. LESS COST OF GOODS SOLD: 13,160. GROSS PROFIT: 4,001. COST OF GOODS SOLD: INVENTORY AT BEGINNING OF YEAR: 0. MERCHANDISE PURCHASED: 13,160. COST OF LABOR: 0. MATERIALS AND SUPPLIES: 0. OTHER COSTS: 0. INVENTORY AT END OF YEAR: 0. COST OF GOODS SOLD: 13,160.</ExplanationTxt>
      </SupplementalInformationDetail>
      <SupplementalInformationDetail>
        <FormAndLineReferenceDesc>FORM 990-EZ, PART I, LINE 8 - OTHER REVENUE</FormAndLineReferenceDesc>
        <ExplanationTxt>DESCRIPTION: INVESTORS BANK. AMOUNT: 62.</ExplanationTxt>
      </SupplementalInformationDetail>
      <SupplementalInformationDetail>
        <FormAndLineReferenceDesc>FORM 990-EZ, PART I, LINE 10 - GRANTS AND SIMILAR AMOUNTS PAID</FormAndLineReferenceDesc>
        <ExplanationTxt>ACTIVITY CLASSIFICATION: PUBLIC CHARITY. GRANTEE NAME: FOUNDATION FOR MORRISTOWN MEDICAL CENTER. GRANTEE ADDRESS: 475 SOUTH ST MORRISTOWN, NJ 07960. GRANTEE RELATIONSHIP: NONE. PROPERTY DESCRIPTION: CASH DONATION FROM FUNDRAISER. DATE OF GIFT: 06/30/19. AMOUNT GIVEN: 1,000.</ExplanationTxt>
      </SupplementalInformationDetail>
      <SupplementalInformationDetail>
        <FormAndLineReferenceDesc>FORM 990-EZ, PART I, LINE 16 - OTHER EXPENSES</FormAndLineReferenceDesc>
        <ExplanationTxt>DESCRIPTION: PRACTICE ICE TIME RENTAL. AMOUNT: 26,488. DESCRIPTION: PRINTING AND BANNERS. AMOUNT: 2,420. DESCRIPTION: PLAYER BANQUET AND AWARDS. AMOUNT: 2,830. DESCRIPTION: PLAYER AND PRACTICE SUPPLIES AND EXPENSES. AMOUNT: 3,445. DESCRIPTION: FILING FEES AND BANK FEES. AMOUNT: 250. DESCRIPTION: EDUCATION SCHOLARSHIP AWARD. AMOUNT: 1,000. TOTAL TO FORM 990-EZ, LINE 16: 36,433.</ExplanationTxt>
      </SupplementalInformationDetail>
    </IRS990ScheduleO>
    <TransferPrsnlBnftContractsDecl documentId="RetDoc2278000001">
      <DeclarationDesc>THE ORGANIZATION DID NOT, DURING THE YEAR, RECEIVE ANY FUNDS, DIRECTLY,OR INDIRECTLY, TO PAY PREMIUMS ON A PERSONAL BENEFIT CONTRACT.THE ORGANIZATION, DID NOT, DURING THE YEAR, PAY ANY PREMIUMS, DIRECTLY,OR INDIRECTLY, ON A PERSONAL BENEFIT CONTRACT.</DeclarationDesc>
    </TransferPrsnlBnftContractsDecl>
  </ReturnData>
</Return>