﻿<?xml version="1.0" encoding="utf-8"?>
<Return xmlns="http://www.irs.gov/efile" returnVersion="2018v3.1">
  <ReturnHeader binaryAttachmentCnt="0">
    <ReturnTs>2020-01-05T14:01:50-05:00</ReturnTs>
    <TaxPeriodEndDt>2019-06-30</TaxPeriodEndDt>
    <PreparerFirmGrp>
      <PreparerFirmName>
        <BusinessNameLine1Txt>Mary-Claire Corcoran CPA</BusinessNameLine1Txt>
      </PreparerFirmName>
      <PreparerUSAddress>
        <AddressLine1Txt>27 Chelfield Road</AddressLine1Txt>
        <CityNm>Glenside</CityNm>
        <StateAbbreviationCd>PA</StateAbbreviationCd>
        <ZIPCd>19038</ZIPCd>
      </PreparerUSAddress>
    </PreparerFirmGrp>
    <ReturnTypeCd>990EZ</ReturnTypeCd>
    <TaxPeriodBeginDt>2018-07-01</TaxPeriodBeginDt>
    <Filer>
      <EIN>232655257</EIN>
      <BusinessName>
        <BusinessNameLine1Txt>NATL ASSOC OF WOMEN BUSINESS OWNER</BusinessNameLine1Txt>
      </BusinessName>
      <BusinessNameControlTxt>NATL</BusinessNameControlTxt>
      <USAddress>
        <AddressLine1Txt>1231 HIGHLAND AVENUE</AddressLine1Txt>
        <CityNm>FORT WASHINGTON</CityNm>
        <StateAbbreviationCd>PA</StateAbbreviationCd>
        <ZIPCd>19034</ZIPCd>
      </USAddress>
    </Filer>
    <BusinessOfficerGrp>
      <PersonNm>Sharon Lewis-Gregg</PersonNm>
      <PersonTitleTxt>Treasurer</PersonTitleTxt>
      <PhoneNum>2156283875</PhoneNum>
      <SignatureDt>2019-12-18</SignatureDt>
      <DiscussWithPaidPreparerInd>true</DiscussWithPaidPreparerInd>
    </BusinessOfficerGrp>
    <PreparerPersonGrp>
      <PreparerPersonNm>Mary-Claire Corcoran</PreparerPersonNm>
      <PTIN>P00233747</PTIN>
      <PhoneNum>2158851006</PhoneNum>
      <PreparationDt>2020-01-05</PreparationDt>
      <SelfEmployedInd>X</SelfEmployedInd>
    </PreparerPersonGrp>
    <FilingSecurityInformation>
      <IPAddress>
        <IPv4AddressTxt>71.185.204.211</IPv4AddressTxt>
      </IPAddress>
      <IPDt>2020-01-06</IPDt>
      <IPTm>09:28:56</IPTm>
      <FederalOriginalSubmissionId>2394932020006qq3vze5</FederalOriginalSubmissionId>
      <FederalOriginalSubmissionIdDt>2020-01-06</FederalOriginalSubmissionIdDt>
      <FilingLicenseTypeCd>P</FilingLicenseTypeCd>
      <AtSubmissionCreationDeviceId>7FF9B1065311E8059C3AAF57C259E89C093F9A7C</AtSubmissionCreationDeviceId>
      <AtSubmissionFilingDeviceId>7FF9B1065311E8059C3AAF57C259E89C093F9A7C</AtSubmissionFilingDeviceId>
    </FilingSecurityInformation>
    <TaxYr>2018</TaxYr>
    <BuildTS>2020-09-23 17:36:50Z</BuildTS>
  </ReturnHeader>
  <ReturnData documentCnt="2">
    <IRS990EZ documentId="IRS990EZ">
      <MethodOfAccountingAccrualInd>X</MethodOfAccountingAccrualInd>
      <WebsiteAddressTxt>WWW.NAWBOPHILADELPHIA.ORG</WebsiteAddressTxt>
      <Organization501cInd organization501cTypeTxt="6">X</Organization501cInd>
      <GrossReceiptsAmt>47851</GrossReceiptsAmt>
      <InfoInScheduleOPartIInd>X</InfoInScheduleOPartIInd>
      <ContributionsGiftsGrantsEtcAmt>4000</ContributionsGiftsGrantsEtcAmt>
      <ProgramServiceRevenueAmt>28710</ProgramServiceRevenueAmt>
      <MembershipDuesAmt>14691</MembershipDuesAmt>
      <InvestmentIncomeAmt>450</InvestmentIncomeAmt>
      <TotalRevenueAmt>47851</TotalRevenueAmt>
      <FeesAndOtherPymtToIndCntrctAmt>150</FeesAndOtherPymtToIndCntrctAmt>
      <OccupancyRentUtltsAndMaintAmt>1789</OccupancyRentUtltsAndMaintAmt>
      <PrintingPublicationsPostageAmt>60</PrintingPublicationsPostageAmt>
      <OtherExpensesTotalAmt>46211</OtherExpensesTotalAmt>
      <TotalExpensesAmt>48210</TotalExpensesAmt>
      <ExcessOrDeficitForYearAmt>-359</ExcessOrDeficitForYearAmt>
      <NetAssetsOrFundBalancesBOYAmt>106532</NetAssetsOrFundBalancesBOYAmt>
      <NetAssetsOrFundBalancesEOYAmt>106173</NetAssetsOrFundBalancesEOYAmt>
      <InfoInScheduleOPartIIInd>X</InfoInScheduleOPartIIInd>
      <CashSavingsAndInvestmentsGrp>
        <BOYAmt>93810</BOYAmt>
        <EOYAmt>90963</EOYAmt>
      </CashSavingsAndInvestmentsGrp>
      <LandAndBuildingsGrp>
        <BOYAmt>0</BOYAmt>
        <EOYAmt>0</EOYAmt>
      </LandAndBuildingsGrp>
      <OtherAssetsTotalDetail>
        <BOYAmt>15000</BOYAmt>
        <EOYAmt>15210</EOYAmt>
      </OtherAssetsTotalDetail>
      <Form990TotalAssetsGrp>
        <BOYAmt>108810</BOYAmt>
        <EOYAmt>106173</EOYAmt>
      </Form990TotalAssetsGrp>
      <SumOfTotalLiabilitiesGrp>
        <BOYAmt>2278</BOYAmt>
        <EOYAmt>0</EOYAmt>
      </SumOfTotalLiabilitiesGrp>
      <NetAssetsOrFundBalancesGrp>
        <BOYAmt>106532</BOYAmt>
        <EOYAmt>106173</EOYAmt>
      </NetAssetsOrFundBalancesGrp>
      <PrimaryExemptPurposeTxt>See Attached Statement</PrimaryExemptPurposeTxt>
      <ProgramSrvcAccomplishmentGrp>
        <DescriptionProgramSrvcAccomTxt>Programs are for the purpose of providing experienced speakers from the business world to educate the members</DescriptionProgramSrvcAccomTxt>
      </ProgramSrvcAccomplishmentGrp>
      <ProgramSrvcAccomplishmentGrp>
        <DescriptionProgramSrvcAccomTxt>Meetings foster an exchange of ideas and experience between the members</DescriptionProgramSrvcAccomTxt>
      </ProgramSrvcAccomplishmentGrp>
      <ProgramSrvcAccomplishmentGrp>
        <DescriptionProgramSrvcAccomTxt>Business Plan Competition supports and empowers female entrepreneurs showcasing their emerging businesses and allowing them to compete for a chance to advance their businesses</DescriptionProgramSrvcAccomTxt>
      </ProgramSrvcAccomplishmentGrp>
      <OfficerDirectorTrusteeEmplGrp>
        <PersonNm>Angela Megasko</PersonNm>
        <TitleTxt>President Elect &amp; Membership Co-Cha</TitleTxt>
        <AverageHrsPerWkDevotedToPosRt>3.00</AverageHrsPerWkDevotedToPosRt>
        <CompensationAmt>0</CompensationAmt>
        <EmployeeBenefitProgramAmt>0</EmployeeBenefitProgramAmt>
        <ExpenseAccountOtherAllwncAmt>0</ExpenseAccountOtherAllwncAmt>
      </OfficerDirectorTrusteeEmplGrp>
      <OfficerDirectorTrusteeEmplGrp>
        <PersonNm>Julie Smith</PersonNm>
        <TitleTxt>Governance Chair</TitleTxt>
        <AverageHrsPerWkDevotedToPosRt>1.00</AverageHrsPerWkDevotedToPosRt>
        <CompensationAmt>0</CompensationAmt>
        <EmployeeBenefitProgramAmt>0</EmployeeBenefitProgramAmt>
        <ExpenseAccountOtherAllwncAmt>0</ExpenseAccountOtherAllwncAmt>
      </OfficerDirectorTrusteeEmplGrp>
      <OfficerDirectorTrusteeEmplGrp>
        <PersonNm>Sharon Lewis-Gregg</PersonNm>
        <TitleTxt>Treasurer</TitleTxt>
        <AverageHrsPerWkDevotedToPosRt>3.00</AverageHrsPerWkDevotedToPosRt>
        <CompensationAmt>0</CompensationAmt>
        <EmployeeBenefitProgramAmt>0</EmployeeBenefitProgramAmt>
        <ExpenseAccountOtherAllwncAmt>0</ExpenseAccountOtherAllwncAmt>
      </OfficerDirectorTrusteeEmplGrp>
      <OfficerDirectorTrusteeEmplGrp>
        <PersonNm>Archima Majors</PersonNm>
        <TitleTxt>Advocacy Co-Chair</TitleTxt>
        <AverageHrsPerWkDevotedToPosRt>1.00</AverageHrsPerWkDevotedToPosRt>
        <CompensationAmt>0</CompensationAmt>
        <EmployeeBenefitProgramAmt>0</EmployeeBenefitProgramAmt>
        <ExpenseAccountOtherAllwncAmt>0</ExpenseAccountOtherAllwncAmt>
      </OfficerDirectorTrusteeEmplGrp>
      <OfficerDirectorTrusteeEmplGrp>
        <PersonNm>Ana Fernandez-Parmet</PersonNm>
        <TitleTxt>President</TitleTxt>
        <AverageHrsPerWkDevotedToPosRt>5.00</AverageHrsPerWkDevotedToPosRt>
        <CompensationAmt>0</CompensationAmt>
        <EmployeeBenefitProgramAmt>0</EmployeeBenefitProgramAmt>
        <ExpenseAccountOtherAllwncAmt>0</ExpenseAccountOtherAllwncAmt>
      </OfficerDirectorTrusteeEmplGrp>
      <OfficerDirectorTrusteeEmplGrp>
        <PersonNm>Renee Brandon</PersonNm>
        <TitleTxt>Marketing Chair</TitleTxt>
        <AverageHrsPerWkDevotedToPosRt>1.00</AverageHrsPerWkDevotedToPosRt>
        <CompensationAmt>0</CompensationAmt>
        <EmployeeBenefitProgramAmt>0</EmployeeBenefitProgramAmt>
        <ExpenseAccountOtherAllwncAmt>0</ExpenseAccountOtherAllwncAmt>
      </OfficerDirectorTrusteeEmplGrp>
      <OfficerDirectorTrusteeEmplGrp>
        <PersonNm>Mazda Miles</PersonNm>
        <TitleTxt>Immediate Past President</TitleTxt>
        <AverageHrsPerWkDevotedToPosRt>1.00</AverageHrsPerWkDevotedToPosRt>
        <CompensationAmt>0</CompensationAmt>
        <EmployeeBenefitProgramAmt>0</EmployeeBenefitProgramAmt>
        <ExpenseAccountOtherAllwncAmt>0</ExpenseAccountOtherAllwncAmt>
      </OfficerDirectorTrusteeEmplGrp>
      <OfficerDirectorTrusteeEmplGrp>
        <PersonNm>Abbe Kligerman</PersonNm>
        <TitleTxt>Power Friday Meeting Chair</TitleTxt>
        <AverageHrsPerWkDevotedToPosRt>1.00</AverageHrsPerWkDevotedToPosRt>
        <CompensationAmt>0</CompensationAmt>
        <EmployeeBenefitProgramAmt>0</EmployeeBenefitProgramAmt>
        <ExpenseAccountOtherAllwncAmt>0</ExpenseAccountOtherAllwncAmt>
      </OfficerDirectorTrusteeEmplGrp>
      <OfficerDirectorTrusteeEmplGrp>
        <PersonNm>Mary Ann Murtha</PersonNm>
        <TitleTxt>Membership Co-Chair</TitleTxt>
        <AverageHrsPerWkDevotedToPosRt>1.00</AverageHrsPerWkDevotedToPosRt>
        <CompensationAmt>0</CompensationAmt>
        <EmployeeBenefitProgramAmt>0</EmployeeBenefitProgramAmt>
        <ExpenseAccountOtherAllwncAmt>0</ExpenseAccountOtherAllwncAmt>
      </OfficerDirectorTrusteeEmplGrp>
      <OfficerDirectorTrusteeEmplGrp>
        <PersonNm>Christina M Reger</PersonNm>
        <TitleTxt>Vice President &amp; Membership Co-Chai</TitleTxt>
        <AverageHrsPerWkDevotedToPosRt>1.00</AverageHrsPerWkDevotedToPosRt>
        <CompensationAmt>0</CompensationAmt>
        <EmployeeBenefitProgramAmt>0</EmployeeBenefitProgramAmt>
        <ExpenseAccountOtherAllwncAmt>0</ExpenseAccountOtherAllwncAmt>
      </OfficerDirectorTrusteeEmplGrp>
      <OfficerDirectorTrusteeEmplGrp>
        <PersonNm>Kristyn Aldrich</PersonNm>
        <TitleTxt>Program Chair</TitleTxt>
        <AverageHrsPerWkDevotedToPosRt>1.00</AverageHrsPerWkDevotedToPosRt>
        <CompensationAmt>0</CompensationAmt>
        <EmployeeBenefitProgramAmt>0</EmployeeBenefitProgramAmt>
        <ExpenseAccountOtherAllwncAmt>0</ExpenseAccountOtherAllwncAmt>
      </OfficerDirectorTrusteeEmplGrp>
      <OfficerDirectorTrusteeEmplGrp>
        <PersonNm>Lynette Phillips</PersonNm>
        <TitleTxt>Education Chair</TitleTxt>
        <AverageHrsPerWkDevotedToPosRt>1.00</AverageHrsPerWkDevotedToPosRt>
        <CompensationAmt>0</CompensationAmt>
        <EmployeeBenefitProgramAmt>0</EmployeeBenefitProgramAmt>
        <ExpenseAccountOtherAllwncAmt>0</ExpenseAccountOtherAllwncAmt>
      </OfficerDirectorTrusteeEmplGrp>
      <OfficerDirectorTrusteeEmplGrp>
        <PersonNm>Julia Prymak</PersonNm>
        <TitleTxt>Secretary</TitleTxt>
        <AverageHrsPerWkDevotedToPosRt>1.00</AverageHrsPerWkDevotedToPosRt>
        <CompensationAmt>0</CompensationAmt>
        <EmployeeBenefitProgramAmt>0</EmployeeBenefitProgramAmt>
        <ExpenseAccountOtherAllwncAmt>0</ExpenseAccountOtherAllwncAmt>
      </OfficerDirectorTrusteeEmplGrp>
      <OfficerDirectorTrusteeEmplGrp>
        <PersonNm>Jennifer Bravo</PersonNm>
        <TitleTxt>Advocacy Co-Chair</TitleTxt>
        <AverageHrsPerWkDevotedToPosRt>1.00</AverageHrsPerWkDevotedToPosRt>
        <CompensationAmt>0</CompensationAmt>
        <EmployeeBenefitProgramAmt>0</EmployeeBenefitProgramAmt>
        <ExpenseAccountOtherAllwncAmt>0</ExpenseAccountOtherAllwncAmt>
      </OfficerDirectorTrusteeEmplGrp>
      <OfficerDirectorTrusteeEmplGrp>
        <PersonNm>Tonya Ladipo</PersonNm>
        <TitleTxt>Alliance Chair</TitleTxt>
        <AverageHrsPerWkDevotedToPosRt>1.00</AverageHrsPerWkDevotedToPosRt>
        <CompensationAmt>0</CompensationAmt>
        <EmployeeBenefitProgramAmt>0</EmployeeBenefitProgramAmt>
        <ExpenseAccountOtherAllwncAmt>0</ExpenseAccountOtherAllwncAmt>
      </OfficerDirectorTrusteeEmplGrp>
      <ActivitiesNotPreviouslyRptInd>false</ActivitiesNotPreviouslyRptInd>
      <ChgMadeToOrgnzngDocNotRptInd>false</ChgMadeToOrgnzngDocNotRptInd>
      <OrganizationHadUBIInd>false</OrganizationHadUBIInd>
      <SubjectToProxyTaxInd>false</SubjectToProxyTaxInd>
      <OrganizationDissolvedEtcInd>false</OrganizationDissolvedEtcInd>
      <Form1120PolFiledInd>false</Form1120PolFiledInd>
      <MadeLoansToFromOfficersInd>false</MadeLoansToFromOfficersInd>
      <ProhibitedTaxShelterTransInd>false</ProhibitedTaxShelterTransInd>
      <StatesWhereCopyOfReturnIsFldCd>PA</StatesWhereCopyOfReturnIsFldCd>
      <BooksInCareOfDetail>
        <PersonNm>The Organization</PersonNm>
        <USAddress>
          <AddressLine1Txt>1231 Highland Avenue</AddressLine1Txt>
          <CityNm>Fort Washington</CityNm>
          <StateAbbreviationCd>PA</StateAbbreviationCd>
          <ZIPCd>19034</ZIPCd>
        </USAddress>
        <PhoneNum>2156283875</PhoneNum>
      </BooksInCareOfDetail>
      <ForeignFinancialAccountInd>false</ForeignFinancialAccountInd>
      <ForeignOfficeInd>false</ForeignOfficeInd>
      <DonorAdvisedFndsInd>false</DonorAdvisedFndsInd>
      <OperateHospitalInd>false</OperateHospitalInd>
      <TanningServicesProvidedInd>false</TanningServicesProvidedInd>
      <RelatedOrganizationCtrlEntInd>false</RelatedOrganizationCtrlEntInd>
      <TransactionWithControlEntInd>false</TransactionWithControlEntInd>
      <PoliticalCampaignActyInd>false</PoliticalCampaignActyInd>
      <FiledScheduleAInd>false</FiledScheduleAInd>
    </IRS990EZ>
    <IRS990ScheduleO documentId="990O">
      <SupplementalInformationDetail>
        <FormAndLineReferenceDesc>General explanation attachment</FormAndLineReferenceDesc>
        <ExplanationTxt>Part III, Statement of Program Service Accomplishments, Organizations Primary Exempt PurposeTo foster leadership and economic stability of businesses owned by women and to encourage, support and educate women who own and operate businesses.</ExplanationTxt>
      </SupplementalInformationDetail>
      <SupplementalInformationDetail>
        <FormAndLineReferenceDesc>Description of other expenses Part I line 16</FormAndLineReferenceDesc>
        <ExplanationTxt>Description AmountManagement Fee 18,600Marketing and Public Relations 2,705Technology 763Board Expenses 3,914Program Expenses 18,062Credit Card Fees 1,176Constant Contact 991</ExplanationTxt>
      </SupplementalInformationDetail>
      <SupplementalInformationDetail>
        <FormAndLineReferenceDesc>Description of other assets Part II line 24</FormAndLineReferenceDesc>
        <ExplanationTxt>Category Beginning of Year End of YearAccounts Receivable 0 210Loan to PCAE 15,000 15,000</ExplanationTxt>
      </SupplementalInformationDetail>
      <SupplementalInformationDetail>
        <FormAndLineReferenceDesc>Description of total liabilities Part II line 26</FormAndLineReferenceDesc>
        <ExplanationTxt>Category Beginning of Year End of YearAccounts Payable and Accrued E 2,278 0</ExplanationTxt>
      </SupplementalInformationDetail>
    </IRS990ScheduleO>
  </ReturnData>
</Return>