﻿<?xml version="1.0" encoding="utf-8"?>
<Return xmlns="http://www.irs.gov/efile" xmlns:xsi="http://www.w3.org/2001/XMLSchema-instance" xsi:schemaLocation="http://www.irs.gov/efile" returnVersion="2018v3.1">
  <ReturnHeader binaryAttachmentCnt="0">
    <ReturnTs>2020-01-06T13:27:24-06:00</ReturnTs>
    <TaxPeriodEndDt>2019-06-30</TaxPeriodEndDt>
    <PreparerFirmGrp>
      <PreparerFirmEIN>561035259</PreparerFirmEIN>
      <PreparerFirmName>
        <BusinessNameLine1Txt>TRP CPAS PLLC</BusinessNameLine1Txt>
      </PreparerFirmName>
      <PreparerUSAddress>
        <AddressLine1Txt>2405 ROBESON STREET</AddressLine1Txt>
        <CityNm>FAYETTEVILLE</CityNm>
        <StateAbbreviationCd>NC</StateAbbreviationCd>
        <ZIPCd>28305</ZIPCd>
      </PreparerUSAddress>
    </PreparerFirmGrp>
    <ReturnTypeCd>990EZ</ReturnTypeCd>
    <TaxPeriodBeginDt>2018-07-01</TaxPeriodBeginDt>
    <Filer>
      <EIN>264326267</EIN>
      <BusinessName>
        <BusinessNameLine1Txt>FAYETTEVILLE POLICE FOUNDATION</BusinessNameLine1Txt>
      </BusinessName>
      <BusinessNameControlTxt>FAYE</BusinessNameControlTxt>
      <PhoneNum>9103231040</PhoneNum>
      <USAddress>
        <AddressLine1Txt>467 HAY STREET</AddressLine1Txt>
        <CityNm>FAYETTEVILLE</CityNm>
        <StateAbbreviationCd>NC</StateAbbreviationCd>
        <ZIPCd>28301</ZIPCd>
      </USAddress>
    </Filer>
    <BusinessOfficerGrp>
      <PersonNm>ANN MARIE LOCKLEAR</PersonNm>
      <PersonTitleTxt>PRESIDENT</PersonTitleTxt>
      <PhoneNum>9108244699</PhoneNum>
      <SignatureDt>2019-12-12</SignatureDt>
      <DiscussWithPaidPreparerInd>1</DiscussWithPaidPreparerInd>
    </BusinessOfficerGrp>
    <PreparerPersonGrp>
      <PreparerPersonNm>TAYLOR G STEPHENSON CPA</PreparerPersonNm>
      <PTIN>P00644131</PTIN>
      <PhoneNum>9103233600</PhoneNum>
      <PreparationDt>2019-12-12</PreparationDt>
      <SelfEmployedInd>X</SelfEmployedInd>
    </PreparerPersonGrp>
    <FilingSecurityInformation>
      <IPAddress>
        <IPv4AddressTxt>63.237.25.18</IPv4AddressTxt>
      </IPAddress>
      <IPDt>2019-12-12</IPDt>
      <IPTm>09:13:24</IPTm>
      <IPTimezoneCd>ES</IPTimezoneCd>
      <FilingLicenseTypeCd>P</FilingLicenseTypeCd>
      <AtSubmissionCreationDeviceId>DA39A3EE5E6B4B0D3255BFEF95601890AFD80709</AtSubmissionCreationDeviceId>
      <AtSubmissionFilingDeviceId>6C9B1A35775087DBDB8A6D25ECA509C7F6C27838</AtSubmissionFilingDeviceId>
    </FilingSecurityInformation>
    <TaxYr>2018</TaxYr>
    <BuildTS>2020-09-23 17:36:50Z</BuildTS>
  </ReturnHeader>
  <ReturnData documentCnt="6">
    <IRS990EZ documentId="RetDoc1234200001" referenceDocumentId="RetDoc1051800001 RetDoc2278000001">
      <MethodOfAccountingAccrualInd>X</MethodOfAccountingAccrualInd>
      <WebsiteAddressTxt>HTTPS://FAYETTEVILLEPOLICEFOUNDATION.ORG</WebsiteAddressTxt>
      <Organization501c3Ind referenceDocumentId="RetDoc1039100001">X</Organization501c3Ind>
      <TypeOfOrganizationOtherInd>X</TypeOfOrganizationOtherInd>
      <TypeOfOrganizationOtherDesc>FOUNDATION</TypeOfOrganizationOtherDesc>
      <GrossReceiptsAmt>170509</GrossReceiptsAmt>
      <InfoInScheduleOPartIInd>X</InfoInScheduleOPartIInd>
      <ContributionsGiftsGrantsEtcAmt>150874</ContributionsGiftsGrantsEtcAmt>
      <FundraisingGrossIncomeAmt referenceDocumentId="RetDoc1041300001">19635</FundraisingGrossIncomeAmt>
      <SpecialEventsDirectExpensesAmt>12310</SpecialEventsDirectExpensesAmt>
      <SpecialEventsNetIncomeLossAmt>7325</SpecialEventsNetIncomeLossAmt>
      <TotalRevenueAmt>158199</TotalRevenueAmt>
      <FeesAndOtherPymtToIndCntrctAmt>50177</FeesAndOtherPymtToIndCntrctAmt>
      <PrintingPublicationsPostageAmt>2365</PrintingPublicationsPostageAmt>
      <OtherExpensesTotalAmt>118943</OtherExpensesTotalAmt>
      <TotalExpensesAmt>171485</TotalExpensesAmt>
      <ExcessOrDeficitForYearAmt>-13286</ExcessOrDeficitForYearAmt>
      <NetAssetsOrFundBalancesBOYAmt>94530</NetAssetsOrFundBalancesBOYAmt>
      <OtherChangesInNetAssetsAmt>0</OtherChangesInNetAssetsAmt>
      <NetAssetsOrFundBalancesEOYAmt>81244</NetAssetsOrFundBalancesEOYAmt>
      <CashSavingsAndInvestmentsGrp>
        <BOYAmt>94530</BOYAmt>
        <EOYAmt>81244</EOYAmt>
      </CashSavingsAndInvestmentsGrp>
      <Form990TotalAssetsGrp>
        <BOYAmt>94530</BOYAmt>
        <EOYAmt>81244</EOYAmt>
      </Form990TotalAssetsGrp>
      <SumOfTotalLiabilitiesGrp>
        <BOYAmt>0</BOYAmt>
        <EOYAmt>0</EOYAmt>
      </SumOfTotalLiabilitiesGrp>
      <NetAssetsOrFundBalancesGrp>
        <BOYAmt>94530</BOYAmt>
        <EOYAmt>81244</EOYAmt>
      </NetAssetsOrFundBalancesGrp>
      <InfoInScheduleOPartIIIInd>X</InfoInScheduleOPartIIIInd>
      <PrimaryExemptPurposeTxt>THE FAYETTEVILLE POLICE FOUNDATION WAS ORGANIZED TO PROMOTE CHARITABLE AND EDUCATIONAL ACTIVITIES FOR THE BENEFIT OF THE FAYETTEVILLE, NC POLICE DEPARTMENT, ITS PERSONNEL AND THEIR DEFENDANTS.</PrimaryExemptPurposeTxt>
      <ProgramSrvcAccomplishmentGrp>
        <DescriptionProgramSrvcAccomTxt>THE FAYETTEVILLE POLICE FOUNDATION WAS ORGANIZED TO PROMOTE CHARITABLE AND EDUCATIONAL ACTIVITIES FOR THE BENEFIT OF THE FAYETTEVILLE, NC POLICE DEPARTMENT, ITS PERSONNEL AND THEIR DEFENDENTS.</DescriptionProgramSrvcAccomTxt>
        <GrantsAndAllocationsAmt>0</GrantsAndAllocationsAmt>
        <ProgramServiceExpensesAmt>158305</ProgramServiceExpensesAmt>
      </ProgramSrvcAccomplishmentGrp>
      <TotalProgramServiceExpensesAmt>158305</TotalProgramServiceExpensesAmt>
      <InfoInScheduleOPartIVInd>X</InfoInScheduleOPartIVInd>
      <OfficerDirectorTrusteeEmplGrp>
        <PersonNm>MURRAY DUGGINS</PersonNm>
        <TitleTxt>BOARD MEMBER</TitleTxt>
        <AverageHrsPerWkDevotedToPosRt>1.00</AverageHrsPerWkDevotedToPosRt>
        <CompensationAmt>0</CompensationAmt>
        <EmployeeBenefitProgramAmt>0</EmployeeBenefitProgramAmt>
        <ExpenseAccountOtherAllwncAmt>0</ExpenseAccountOtherAllwncAmt>
      </OfficerDirectorTrusteeEmplGrp>
      <OfficerDirectorTrusteeEmplGrp>
        <PersonNm>STEPHEN WHEELER</PersonNm>
        <TitleTxt>BOARD MEMBER</TitleTxt>
        <AverageHrsPerWkDevotedToPosRt>1.00</AverageHrsPerWkDevotedToPosRt>
        <CompensationAmt>0</CompensationAmt>
        <EmployeeBenefitProgramAmt>0</EmployeeBenefitProgramAmt>
        <ExpenseAccountOtherAllwncAmt>0</ExpenseAccountOtherAllwncAmt>
      </OfficerDirectorTrusteeEmplGrp>
      <OfficerDirectorTrusteeEmplGrp>
        <PersonNm>WELLS ALDERMAN</PersonNm>
        <TitleTxt>BOARD MEMBER</TitleTxt>
        <AverageHrsPerWkDevotedToPosRt>1.00</AverageHrsPerWkDevotedToPosRt>
        <CompensationAmt>0</CompensationAmt>
        <EmployeeBenefitProgramAmt>0</EmployeeBenefitProgramAmt>
        <ExpenseAccountOtherAllwncAmt>0</ExpenseAccountOtherAllwncAmt>
      </OfficerDirectorTrusteeEmplGrp>
      <OfficerDirectorTrusteeEmplGrp>
        <PersonNm>DR ERNIE JOHNSON</PersonNm>
        <TitleTxt>BOARD MEMBER</TitleTxt>
        <AverageHrsPerWkDevotedToPosRt>1.00</AverageHrsPerWkDevotedToPosRt>
        <CompensationAmt>0</CompensationAmt>
        <EmployeeBenefitProgramAmt>0</EmployeeBenefitProgramAmt>
        <ExpenseAccountOtherAllwncAmt>0</ExpenseAccountOtherAllwncAmt>
      </OfficerDirectorTrusteeEmplGrp>
      <OfficerDirectorTrusteeEmplGrp>
        <PersonNm>JAY WYATT</PersonNm>
        <TitleTxt>BOARD MEMBER</TitleTxt>
        <AverageHrsPerWkDevotedToPosRt>1.00</AverageHrsPerWkDevotedToPosRt>
        <CompensationAmt>0</CompensationAmt>
        <EmployeeBenefitProgramAmt>0</EmployeeBenefitProgramAmt>
        <ExpenseAccountOtherAllwncAmt>0</ExpenseAccountOtherAllwncAmt>
      </OfficerDirectorTrusteeEmplGrp>
      <OfficerDirectorTrusteeEmplGrp>
        <PersonNm>TRINA RIDDLE</PersonNm>
        <TitleTxt>BOARD MEMBER</TitleTxt>
        <AverageHrsPerWkDevotedToPosRt>1.00</AverageHrsPerWkDevotedToPosRt>
        <CompensationAmt>0</CompensationAmt>
        <EmployeeBenefitProgramAmt>0</EmployeeBenefitProgramAmt>
        <ExpenseAccountOtherAllwncAmt>0</ExpenseAccountOtherAllwncAmt>
      </OfficerDirectorTrusteeEmplGrp>
      <OfficerDirectorTrusteeEmplGrp>
        <PersonNm>DR YVETTE STOKES</PersonNm>
        <TitleTxt>BOARD MEMBER</TitleTxt>
        <AverageHrsPerWkDevotedToPosRt>1.00</AverageHrsPerWkDevotedToPosRt>
        <CompensationAmt>0</CompensationAmt>
        <EmployeeBenefitProgramAmt>0</EmployeeBenefitProgramAmt>
        <ExpenseAccountOtherAllwncAmt>0</ExpenseAccountOtherAllwncAmt>
      </OfficerDirectorTrusteeEmplGrp>
      <OfficerDirectorTrusteeEmplGrp>
        <PersonNm>KATHY JENSEN</PersonNm>
        <TitleTxt>EX-OFFICIO MEMBER</TitleTxt>
        <AverageHrsPerWkDevotedToPosRt>1.00</AverageHrsPerWkDevotedToPosRt>
        <CompensationAmt>0</CompensationAmt>
        <EmployeeBenefitProgramAmt>0</EmployeeBenefitProgramAmt>
        <ExpenseAccountOtherAllwncAmt>0</ExpenseAccountOtherAllwncAmt>
      </OfficerDirectorTrusteeEmplGrp>
      <OfficerDirectorTrusteeEmplGrp>
        <PersonNm>BILLY WEST JR</PersonNm>
        <TitleTxt>EX-OFFICIO MEMBER</TitleTxt>
        <AverageHrsPerWkDevotedToPosRt>1.00</AverageHrsPerWkDevotedToPosRt>
        <CompensationAmt>0</CompensationAmt>
        <EmployeeBenefitProgramAmt>0</EmployeeBenefitProgramAmt>
        <ExpenseAccountOtherAllwncAmt>0</ExpenseAccountOtherAllwncAmt>
      </OfficerDirectorTrusteeEmplGrp>
      <OfficerDirectorTrusteeEmplGrp>
        <PersonNm>CAPT ROB SPATORICO</PersonNm>
        <TitleTxt>EX-OFFICIO MEMBER</TitleTxt>
        <AverageHrsPerWkDevotedToPosRt>1.00</AverageHrsPerWkDevotedToPosRt>
        <CompensationAmt>0</CompensationAmt>
        <EmployeeBenefitProgramAmt>0</EmployeeBenefitProgramAmt>
        <ExpenseAccountOtherAllwncAmt>0</ExpenseAccountOtherAllwncAmt>
      </OfficerDirectorTrusteeEmplGrp>
      <OfficerDirectorTrusteeEmplGrp>
        <PersonNm>LT TODD JOYCE</PersonNm>
        <TitleTxt>EX-OFFICIO MEMBER</TitleTxt>
        <AverageHrsPerWkDevotedToPosRt>1.00</AverageHrsPerWkDevotedToPosRt>
        <CompensationAmt>0</CompensationAmt>
        <EmployeeBenefitProgramAmt>0</EmployeeBenefitProgramAmt>
        <ExpenseAccountOtherAllwncAmt>0</ExpenseAccountOtherAllwncAmt>
      </OfficerDirectorTrusteeEmplGrp>
      <OfficerDirectorTrusteeEmplGrp>
        <PersonNm>JACKIE DANKER</PersonNm>
        <TitleTxt>BOARD MEMBER</TitleTxt>
        <AverageHrsPerWkDevotedToPosRt>1.00</AverageHrsPerWkDevotedToPosRt>
        <CompensationAmt>0</CompensationAmt>
        <EmployeeBenefitProgramAmt>0</EmployeeBenefitProgramAmt>
        <ExpenseAccountOtherAllwncAmt>0</ExpenseAccountOtherAllwncAmt>
      </OfficerDirectorTrusteeEmplGrp>
      <InfoInScheduleOPartVInd>X</InfoInScheduleOPartVInd>
      <ActivitiesNotPreviouslyRptInd>0</ActivitiesNotPreviouslyRptInd>
      <ChgMadeToOrgnzngDocNotRptInd>0</ChgMadeToOrgnzngDocNotRptInd>
      <OrganizationHadUBIInd>0</OrganizationHadUBIInd>
      <SubjectToProxyTaxInd>0</SubjectToProxyTaxInd>
      <OrganizationDissolvedEtcInd>0</OrganizationDissolvedEtcInd>
      <DirectIndirectPltclExpendAmt>0</DirectIndirectPltclExpendAmt>
      <MadeLoansToFromOfficersInd>0</MadeLoansToFromOfficersInd>
      <TaxImposedUnderIRC4911Amt>0</TaxImposedUnderIRC4911Amt>
      <TaxImposedUnderIRC4912Amt>0</TaxImposedUnderIRC4912Amt>
      <TaxImposedUnderIRC4955Amt>0</TaxImposedUnderIRC4955Amt>
      <EngagedInExcessBenefitTransInd>0</EngagedInExcessBenefitTransInd>
      <TaxImposedOnOrganizationMgrAmt>0</TaxImposedOnOrganizationMgrAmt>
      <TaxReimbursedByOrganizationAmt>0</TaxReimbursedByOrganizationAmt>
      <ProhibitedTaxShelterTransInd>0</ProhibitedTaxShelterTransInd>
      <BooksInCareOfDetail>
        <BusinessName>
          <BusinessNameLine1Txt>TRP CPA'S PLLC</BusinessNameLine1Txt>
        </BusinessName>
        <USAddress>
          <AddressLine1Txt>2405 ROBESON ST</AddressLine1Txt>
          <CityNm>FAYETTEVILLE</CityNm>
          <StateAbbreviationCd>NC</StateAbbreviationCd>
          <ZIPCd>28305</ZIPCd>
        </USAddress>
        <PhoneNum>9103233600</PhoneNum>
      </BooksInCareOfDetail>
      <ForeignFinancialAccountInd>0</ForeignFinancialAccountInd>
      <ForeignOfficeInd>0</ForeignOfficeInd>
      <DonorAdvisedFndsInd>0</DonorAdvisedFndsInd>
      <OperateHospitalInd>0</OperateHospitalInd>
      <TanningServicesProvidedInd>0</TanningServicesProvidedInd>
      <RelatedOrganizationCtrlEntInd>0</RelatedOrganizationCtrlEntInd>
      <PoliticalCampaignActyInd>0</PoliticalCampaignActyInd>
      <LobbyingActivitiesInd>0</LobbyingActivitiesInd>
      <SchoolOperatingInd>0</SchoolOperatingInd>
      <TrnsfrExmptNonChrtblRltdOrgInd>0</TrnsfrExmptNonChrtblRltdOrgInd>
      <PartVIOfCompOfHghstPdEmplTxt>NONE</PartVIOfCompOfHghstPdEmplTxt>
      <PartVIHghstPdCntrctProfSrvcTxt>NONE</PartVIHghstPdCntrctProfSrvcTxt>
      <FiledScheduleAInd>1</FiledScheduleAInd>
    </IRS990EZ>
    <IRS990ScheduleA documentId="RetDoc1039100001">
      <PubliclySupportedOrg509a2Ind>X</PubliclySupportedOrg509a2Ind>
      <GiftsGrantsContrisRcvd509Grp>
        <CurrentTaxYearMinus4YearsAmt>16245</CurrentTaxYearMinus4YearsAmt>
        <CurrentTaxYearMinus3YearsAmt>105808</CurrentTaxYearMinus3YearsAmt>
        <CurrentTaxYearMinus2YearsAmt>49666</CurrentTaxYearMinus2YearsAmt>
        <CurrentTaxYearMinus1YearAmt>180621</CurrentTaxYearMinus1YearAmt>
        <CurrentTaxYearAmt>149081</CurrentTaxYearAmt>
        <TotalAmt>501421</TotalAmt>
      </GiftsGrantsContrisRcvd509Grp>
      <GrossReceiptsAdmissionsGrp>
        <CurrentTaxYearMinus4YearsAmt>37017</CurrentTaxYearMinus4YearsAmt>
        <CurrentTaxYearMinus3YearsAmt>4861</CurrentTaxYearMinus3YearsAmt>
        <CurrentTaxYearMinus2YearsAmt>7139</CurrentTaxYearMinus2YearsAmt>
        <CurrentTaxYearMinus1YearAmt>10294</CurrentTaxYearMinus1YearAmt>
        <CurrentTaxYearAmt>21428</CurrentTaxYearAmt>
        <TotalAmt>80739</TotalAmt>
      </GrossReceiptsAdmissionsGrp>
      <Total509Grp>
        <CurrentTaxYearMinus4YearsAmt>53262</CurrentTaxYearMinus4YearsAmt>
        <CurrentTaxYearMinus3YearsAmt>110669</CurrentTaxYearMinus3YearsAmt>
        <CurrentTaxYearMinus2YearsAmt>56805</CurrentTaxYearMinus2YearsAmt>
        <CurrentTaxYearMinus1YearAmt>190915</CurrentTaxYearMinus1YearAmt>
        <CurrentTaxYearAmt>170509</CurrentTaxYearAmt>
        <TotalAmt>582160</TotalAmt>
      </Total509Grp>
      <AmountsRcvdDsqlfyPersonGrp>
        <TotalAmt>0</TotalAmt>
      </AmountsRcvdDsqlfyPersonGrp>
      <SubstantialContributorsAmtGrp>
        <TotalAmt>0</TotalAmt>
      </SubstantialContributorsAmtGrp>
      <SubstAndDsqlfyPrsnsTotGrp>
        <TotalAmt>0</TotalAmt>
      </SubstAndDsqlfyPrsnsTotGrp>
      <PublicSupportTotal509Amt>582160</PublicSupportTotal509Amt>
      <TotalSupportCalendarYearGrp>
        <CurrentTaxYearMinus4YearsAmt>53262</CurrentTaxYearMinus4YearsAmt>
        <CurrentTaxYearMinus3YearsAmt>110669</CurrentTaxYearMinus3YearsAmt>
        <CurrentTaxYearMinus2YearsAmt>56805</CurrentTaxYearMinus2YearsAmt>
        <CurrentTaxYearMinus1YearAmt>190915</CurrentTaxYearMinus1YearAmt>
        <CurrentTaxYearAmt>170509</CurrentTaxYearAmt>
        <TotalAmt>582160</TotalAmt>
      </TotalSupportCalendarYearGrp>
      <PublicSupportCY509Pct>1.00000</PublicSupportCY509Pct>
      <PublicSupportPY509Pct>1.00000</PublicSupportPY509Pct>
      <InvestmentIncomeCYPct>0.00000</InvestmentIncomeCYPct>
      <ThirtyThrPctSuprtTestsCY509Ind>X</ThirtyThrPctSuprtTestsCY509Ind>
    </IRS990ScheduleA>
    <IRS990ScheduleB documentId="RetDoc1234500001">
      <ContributorInformationGrp>
        <ContributorNum>RESTRICTED</ContributorNum>
        <ContributorBusinessName>
          <BusinessNameLine1>RESTRICTED</BusinessNameLine1>
        </ContributorBusinessName>
        <ContributorUSAddress>
          <AddressLine1>RESTRICTED</AddressLine1>
          <AddressLine2>RESTRICTED</AddressLine2>
          <City>RESTRICTED</City>
          <State>RESTRICTED</State>
          <ZIPCode>RESTRICTED</ZIPCode>
        </ContributorUSAddress>
        <TotalContributionsAmt>RESTRICTED</TotalContributionsAmt>
      </ContributorInformationGrp>
    </IRS990ScheduleB>
    <IRS990ScheduleG documentId="RetDoc1041300001">
      <FundraisingEventInformationGrp>
        <Event1Nm>BACK THE BLUE NIGHT</Event1Nm>
        <GrossReceiptsEvent1Amt>19635</GrossReceiptsEvent1Amt>
        <GrossRevenueEvent1Amt>19635</GrossRevenueEvent1Amt>
        <OtherDirectExpensesEvent1Amt>12310</OtherDirectExpensesEvent1Amt>
        <GrossReceiptsTotalAmt>19635</GrossReceiptsTotalAmt>
        <GrossRevenueTotalEventsAmt>19635</GrossRevenueTotalEventsAmt>
        <OthDirectExpnssTotalEventsAmt>12310</OthDirectExpnssTotalEventsAmt>
        <DirectExpenseSummaryEventsAmt>12310</DirectExpenseSummaryEventsAmt>
        <NetIncomeSummaryAmt>7325</NetIncomeSummaryAmt>
      </FundraisingEventInformationGrp>
    </IRS990ScheduleG>
    <IRS990ScheduleO documentId="RetDoc1051800001">
      <SupplementalInformationDetail>
        <FormAndLineReferenceDesc>FORM 990-EZ, PART I, LINE 16 - OTHER EXPENSES</FormAndLineReferenceDesc>
        <ExplanationTxt>DESCRIPTION: PROGRAM SERVICE EXPENSE. AMOUNT: 108,855. DESCRIPTION: DUES AND SUBSCRIPTIONS. AMOUNT: 881. DESCRIPTION: GENERAL EXPENSES: GENERAL - MEALS &amp;. AMOUNT: 2,714. DESCRIPTION: GENERAL EXPENSES: GENERAL - OFFICE. AMOUNT: 5,053. DESCRIPTION: GENERAL EXPENSES: GENERAL - WEBSITE. AMOUNT: 1,440. TOTAL TO FORM 990-EZ, LINE 16: 118,943.</ExplanationTxt>
      </SupplementalInformationDetail>
    </IRS990ScheduleO>
    <TransferPrsnlBnftContractsDecl documentId="RetDoc2278000001">
      <DeclarationDesc>THE ORGANIZATION DID NOT, DURING THE YEAR, RECEIVE ANY FUNDS, DIRECTLY,OR INDIRECTLY, TO PAY PREMIUMS ON A PERSONAL BENEFIT CONTRACT.THE ORGANIZATION, DID NOT, DURING THE YEAR, PAY ANY PREMIUMS, DIRECTLY,OR INDIRECTLY, ON A PERSONAL BENEFIT CONTRACT.</DeclarationDesc>
    </TransferPrsnlBnftContractsDecl>
  </ReturnData>
</Return>